Motif,p_value,p_value_corrected,significant
AGA,4.1975322634444577e-41,7.555558074200024e-39,True
AKK,9.671733332098672e-33,1.740911999777761e-30,True
ACC,1.7746299709847942e-24,3.1943339477726296e-22,True
KLI,1.7746299709847942e-24,3.1943339477726296e-22,True
ARC,2.43099996450741e-16,4.375799936113338e-14,True
KCM,2.43099996450741e-16,4.375799936113338e-14,True
ACK,2.43099996450741e-16,4.375799936113338e-14,True
KGA,2.43099996450741e-16,4.375799936113338e-14,True
ALK,2.43099996450741e-16,4.375799936113338e-14,True
ACN,2.43099996450741e-16,4.375799936113338e-14,True
AFR,2.43099996450741e-16,4.375799936113338e-14,True
ATC,2.43099996450741e-16,4.375799936113338e-14,True
KQV,2.43099996450741e-16,4.375799936113338e-14,True
KFC,2.43099996450741e-16,4.375799936113338e-14,True
KKF,2.43099996450741e-16,4.375799936113338e-14,True
KRG,2.43099996450741e-16,4.375799936113338e-14,True
RPR,2.43099996450741e-16,4.375799936113338e-14,True
KCY,2.43099996450741e-16,4.375799936113338e-14,True
KPC,2.43099996450741e-16,4.375799936113338e-14,True
KDL,2.43099996450741e-16,4.375799936113338e-14,True
ANN,2.43099996450741e-16,4.375799936113338e-14,True
ATR,2.43099996450741e-16,4.375799936113338e-14,True
APA,2.43099996450741e-16,4.375799936113338e-14,True
KVA,2.43099996450741e-16,4.375799936113338e-14,True
AAG,2.43099996450741e-16,4.375799936113338e-14,True
ESC,2.20999997569e-08,3.977999956242e-06,True
ASG,2.20999997569e-08,3.977999956242e-06,True
KIW,2.20999997569e-08,3.977999956242e-06,True
AIR,2.20999997569e-08,3.977999956242e-06,True
ACR,2.20999997569e-08,3.977999956242e-06,True
KKC,2.20999997569e-08,3.977999956242e-06,True
KCT,2.20999997569e-08,3.977999956242e-06,True
ATN,2.20999997569e-08,3.977999956242e-06,True
RQI,2.20999997569e-08,3.977999956242e-06,True
PEC,2.20999997569e-08,3.977999956242e-06,True
KNF,2.20999997569e-08,3.977999956242e-06,True
API,2.20999997569e-08,3.977999956242e-06,True
DSW,2.20999997569e-08,3.977999956242e-06,True
KFQ,2.20999997569e-08,3.977999956242e-06,True
RWP,2.20999997569e-08,3.977999956242e-06,True
PVC,2.20999997569e-08,3.977999956242e-06,True
SGI,2.20999997569e-08,3.977999956242e-06,True
KML,2.20999997569e-08,3.977999956242e-06,True
PPN,2.20999997569e-08,3.977999956242e-06,True
ECC,2.20999997569e-08,3.977999956242e-06,True
KCS,2.20999997569e-08,3.977999956242e-06,True
PEE,2.20999997569e-08,3.977999956242e-06,True
PPV,2.20999997569e-08,3.977999956242e-06,True
AKQ,2.20999997569e-08,3.977999956242e-06,True
KRH,2.20999997569e-08,3.977999956242e-06,True
KCV,2.20999997569e-08,3.977999956242e-06,True
AYC,2.20999997569e-08,3.977999956242e-06,True
ADI,2.20999997569e-08,3.977999956242e-06,True
VCG,2.20999997569e-08,3.977999956242e-06,True
ACY,2.20999997569e-08,3.977999956242e-06,True
ASK,2.20999997569e-08,3.977999956242e-06,True
KYK,2.20999997569e-08,3.977999956242e-06,True
RCS,2.20999997569e-08,3.977999956242e-06,True
PLT,2.20999997569e-08,3.977999956242e-06,True
KFG,2.20999997569e-08,3.977999956242e-06,True
AMG,2.20999997569e-08,3.977999956242e-06,True
ASC,2.20999997569e-08,3.977999956242e-06,True
YCE,2.20999997569e-08,3.977999956242e-06,True
ADV,2.20999997569e-08,3.977999956242e-06,True
SMT,2.20999997569e-08,3.977999956242e-06,True
KWC,2.20999997569e-08,3.977999956242e-06,True
ELL,2.20999997569e-08,3.977999956242e-06,True
PIV,2.20999997569e-08,3.977999956242e-06,True
RPP,2.20999997569e-08,3.977999956242e-06,True
AAC,2.20999997569e-08,3.977999956242e-06,True
KVK,2.20999997569e-08,3.977999956242e-06,True
ANL,2.20999997569e-08,3.977999956242e-06,True
PID,2.20999997569e-08,3.977999956242e-06,True
AQQ,2.20999997569e-08,3.977999956242e-06,True
EEC,2.20999997569e-08,3.977999956242e-06,True
AAD,2.20999997569e-08,3.977999956242e-06,True
AKY,2.20999997569e-08,3.977999956242e-06,True
KND,2.20999997569e-08,3.977999956242e-06,True
AGM,2.20999997569e-08,3.977999956242e-06,True
AVP,2.20999997569e-08,3.977999956242e-06,True
PCP,2.20999997569e-08,3.977999956242e-06,True
PPL,2.20999997569e-08,3.977999956242e-06,True
KKR,2.20999997569e-08,3.977999956242e-06,True
RCC,2.20999997569e-08,3.977999956242e-06,True
VLF,2.20999997569e-08,3.977999956242e-06,True
SCC,2.20999997569e-08,3.977999956242e-06,True
ACT,2.20999997569e-08,3.977999956242e-06,True
ADY,2.20999997569e-08,3.977999956242e-06,True
PGK,2.20999997569e-08,3.977999956242e-06,True
AGN,2.20999997569e-08,3.977999956242e-06,True
KGL,2.20999997569e-08,3.977999956242e-06,True
KKL,2.20999997569e-08,3.977999956242e-06,True
PCC,2.20999997569e-08,3.977999956242e-06,True
ECD,2.20999997569e-08,3.977999956242e-06,True
KAA,2.20999997569e-08,3.977999956242e-06,True
SWC,2.20999997569e-08,3.977999956242e-06,True
KDF,2.20999997569e-08,3.977999956242e-06,True
AIP,2.20999997569e-08,3.977999956242e-06,True
AKC,2.20999997569e-08,3.977999956242e-06,True
ANQ,2.20999997569e-08,3.977999956242e-06,True
AAN,2.20999997569e-08,3.977999956242e-06,True
PDY,2.20999997569e-08,3.977999956242e-06,True
PDS,2.20999997569e-08,3.977999956242e-06,True
KPN,2.20999997569e-08,3.977999956242e-06,True
KGV,2.20999997569e-08,3.977999956242e-06,True
KTS,2.20999997569e-08,3.977999956242e-06,True
PRC,2.20999997569e-08,3.977999956242e-06,True
KDK,2.20999997569e-08,3.977999956242e-06,True
ASH,2.20999997569e-08,3.977999956242e-06,True
PKN,2.20999997569e-08,3.977999956242e-06,True
SPP,2.20999997569e-08,3.977999956242e-06,True
KCP,2.20999997569e-08,3.977999956242e-06,True
ADC,2.20999997569e-08,3.977999956242e-06,True
VNC,2.20999997569e-08,3.977999956242e-06,True
AIH,2.20999997569e-08,3.977999956242e-06,True
KSC,2.20999997569e-08,3.977999956242e-06,True
KCI,2.20999997569e-08,3.977999956242e-06,True
YCT,2.20999997569e-08,3.977999956242e-06,True
KLT,2.20999997569e-08,3.977999956242e-06,True
RLI,2.20999997569e-08,3.977999956242e-06,True
YKI,2.20999997569e-08,3.977999956242e-06,True
EGE,2.20999997569e-08,3.977999956242e-06,True
AKL,2.20999997569e-08,3.977999956242e-06,True
AGR,2.20999997569e-08,3.977999956242e-06,True
YKC,2.20999997569e-08,3.977999956242e-06,True
KCC,2.20999997569e-08,3.977999956242e-06,True
AKD,2.20999997569e-08,3.977999956242e-06,True
KEK,2.20999997569e-08,3.977999956242e-06,True
KGF,2.20999997569e-08,3.977999956242e-06,True
VGR,2.20999997569e-08,3.977999956242e-06,True
KLC,2.20999997569e-08,3.977999956242e-06,True
RRQ,2.20999997569e-08,3.977999956242e-06,True
KDW,2.20999997569e-08,3.977999956242e-06,True
ASI,2.20999997569e-08,3.977999956242e-06,True
PNM,2.20999997569e-08,3.977999956242e-06,True
EDP,2.20999997569e-08,3.977999956242e-06,True
KQC,2.20999997569e-08,3.977999956242e-06,True
PNY,2.20999997569e-08,3.977999956242e-06,True
AFC,2.20999997569e-08,3.977999956242e-06,True
PEN,2.20999997569e-08,3.977999956242e-06,True
AHP,2.20999997569e-08,3.977999956242e-06,True
KQM,2.20999997569e-08,3.977999956242e-06,True
EEG,2.20999997569e-08,3.977999956242e-06,True
AAY,2.20999997569e-08,3.977999956242e-06,True
AEI,2.20999997569e-08,3.977999956242e-06,True
KKV,2.20999997569e-08,3.977999956242e-06,True
ANF,2.20999997569e-08,3.977999956242e-06,True
YCC,2.20999997569e-08,3.977999956242e-06,True
KKQ,2.20999997569e-08,3.977999956242e-06,True
KVG,2.20999997569e-08,3.977999956242e-06,True
AWK,2.20999997569e-08,3.977999956242e-06,True
KCK,0.22943935555797876,1.0,False
PRP,0.3451671629927579,1.0,False
AAK,0.3451671629927579,1.0,False
KFL,0.3451671629927579,1.0,False
KTV,0.3451671629927579,1.0,False
KIT,0.3451671629927579,1.0,False
KAG,0.7022900363761777,1.0,False
AEV,0.7060600731638316,1.0,False
AAI,0.7060600731638316,1.0,False
ANS,0.7060600731638316,1.0,False
KGH,0.7060600731638316,1.0,False
KPD,0.7060600731638316,1.0,False
ALF,0.7060600731638316,1.0,False
AGK,0.7060600731638316,1.0,False
ADD,0.7060600731638316,1.0,False
ALN,0.7060600731638316,1.0,False
KSA,0.7060600731638316,1.0,False
AFT,0.7060600731638316,1.0,False
AKG,0.7060600731638316,1.0,False
YRP,0.7060600731638316,1.0,False
KFK,0.7060600731638316,1.0,False
KTA,0.7060600731638316,1.0,False
KEL,0.7060600731638316,1.0,False
KAL,0.7060600731638316,1.0,False
KLK,0.7060600731638316,1.0,False
ASS,0.9141866610488505,1.0,False
KYL,0.9141866610488505,1.0,False
AKT,0.9141866610488505,1.0,False
KKA,0.97511970850634,1.0,False
