base_model,oof_auc,oof_f1_at_0.5,received_sample_weight
rf,0.9476545539980886,0.8736007462686567,True
xgb,0.9518020655553405,0.8821626617375231,True
et,0.9509508528789521,0.8800748800748801,True
lgbm,0.9549783104314146,0.8890944836359431,True
gb,0.9540289697810515,0.8897855660594881,True
lr,0.9349491637016462,0.8705155094381278,True
svm,0.9531340077410698,0.8957688338493293,True
mlp,0.9396224892063081,0.8783092830360186,False
knn,0.9486862584738077,0.8824006488240065,False
cat,0.949477598194856,0.8806088833352266,True
