val_index,y_true,calibrated,in_set_nontoxic,in_set_toxic,set,covered
0,0,0.05596911831875471,1,0,{non-toxic},1
1,0,0.05377920670930488,1,0,{non-toxic},1
2,0,0.051312462807073085,1,0,{non-toxic},1
3,1,0.9234513166054382,0,1,{toxic},1
4,0,0.5094033760872773,1,1,"{non-toxic,toxic}",1
5,0,0.006613821946273278,1,0,{non-toxic},1
6,0,0.14140626539775156,1,0,{non-toxic},1
7,1,0.9090117082106556,0,1,{toxic},1
8,0,0.49584206288876126,1,1,"{non-toxic,toxic}",1
9,0,0.17455322943501683,1,0,{non-toxic},1
10,0,0.055800604159343396,1,0,{non-toxic},1
11,1,0.9982157314920314,0,1,{toxic},1
12,0,0.026724288747944087,1,0,{non-toxic},1
13,0,0.1421908704639107,1,0,{non-toxic},1
14,1,0.9863121849318969,0,1,{toxic},1
15,1,0.930754610861422,0,1,{toxic},1
16,0,0.17073568100492956,1,0,{non-toxic},1
17,1,0.9120094202248885,0,1,{toxic},1
18,1,0.08884695225684806,1,0,{non-toxic},0
19,0,0.02320763477781098,1,0,{non-toxic},1
20,0,0.30852442511651645,1,1,"{non-toxic,toxic}",1
21,1,0.9756642200889009,0,1,{toxic},1
22,0,0.15564509299604876,1,0,{non-toxic},1
23,0,0.031682989348818434,1,0,{non-toxic},1
24,1,0.9992207030517605,0,1,{toxic},1
25,1,0.9986767659898013,0,1,{toxic},1
26,0,0.20937679603894527,1,1,"{non-toxic,toxic}",1
27,0,0.06354546993384941,1,0,{non-toxic},1
28,1,0.9984578119578831,0,1,{toxic},1
29,1,0.9992451562178046,0,1,{toxic},1
30,1,0.9972147976130931,0,1,{toxic},1
31,1,0.7007069441937225,0,1,{toxic},1
32,0,0.14799971786909902,1,0,{non-toxic},1
33,0,0.06930259249527672,1,0,{non-toxic},1
34,0,0.028959493369708333,1,0,{non-toxic},1
35,0,0.019380115339923443,1,0,{non-toxic},1
36,0,0.6762983687656664,0,1,{toxic},0
37,1,0.9174327170982471,0,1,{toxic},1
38,0,0.15144320740531,1,0,{non-toxic},1
39,1,0.8756894346340649,0,1,{toxic},1
40,0,0.008132032250507544,1,0,{non-toxic},1
41,0,0.06295100573875621,1,0,{non-toxic},1
42,0,0.04395308349022394,1,0,{non-toxic},1
43,1,0.8648182428978092,0,1,{toxic},1
44,0,0.10273546246055576,1,0,{non-toxic},1
45,0,0.05071160113117268,1,0,{non-toxic},1
46,0,0.15377338359565615,1,0,{non-toxic},1
47,0,0.09157854188540127,1,0,{non-toxic},1
48,0,0.009126791404261852,1,0,{non-toxic},1
49,1,0.05311837211051141,1,0,{non-toxic},0
50,0,0.016311817254220314,1,0,{non-toxic},1
51,0,0.4033582948166502,1,1,"{non-toxic,toxic}",1
52,1,0.9621959553021439,0,1,{toxic},1
53,0,0.07977265272429628,1,0,{non-toxic},1
54,0,0.07206501660687552,1,0,{non-toxic},1
55,1,0.8965801576234017,0,1,{toxic},1
56,0,0.09828567413604868,1,0,{non-toxic},1
57,0,0.06193970043598308,1,0,{non-toxic},1
58,0,0.13017473792506656,1,0,{non-toxic},1
59,0,0.39129589270547604,1,1,"{non-toxic,toxic}",1
60,1,0.9915877223206793,0,1,{toxic},1
61,0,0.026489050552198787,1,0,{non-toxic},1
62,0,0.05457965900302006,1,0,{non-toxic},1
63,1,0.9941508280804588,0,1,{toxic},1
64,1,0.84160068696281,0,1,{toxic},1
65,1,0.7140779694588769,0,1,{toxic},1
66,1,0.8467848468088048,0,1,{toxic},1
67,0,0.1541682251846471,1,0,{non-toxic},1
68,0,0.007817626917181282,1,0,{non-toxic},1
69,0,0.7210259948802265,0,1,{toxic},0
70,1,0.9993506940763822,0,1,{toxic},1
71,1,0.9287517361515758,0,1,{toxic},1
72,1,0.5263242225228659,1,1,"{non-toxic,toxic}",1
73,0,0.08699815139044444,1,0,{non-toxic},1
74,1,0.05798763315923053,1,0,{non-toxic},0
75,0,0.4527198661648925,1,1,"{non-toxic,toxic}",1
76,0,0.021054813659217797,1,0,{non-toxic},1
77,1,0.8253541098786108,0,1,{toxic},1
78,1,0.999285483979669,0,1,{toxic},1
79,0,0.01860453369413543,1,0,{non-toxic},1
80,1,0.7690666565408025,0,1,{toxic},1
81,0,0.027826761821609744,1,0,{non-toxic},1
82,0,0.045997390853746836,1,0,{non-toxic},1
83,1,0.9943242440226732,0,1,{toxic},1
84,1,0.7527792871622505,0,1,{toxic},1
85,1,0.9447232451074641,0,1,{toxic},1
86,0,0.14480454106705043,1,0,{non-toxic},1
87,1,0.8001215004968462,0,1,{toxic},1
88,0,0.026781925967629457,1,0,{non-toxic},1
89,1,0.225732256045201,1,1,"{non-toxic,toxic}",1
90,0,0.029258246843833696,1,0,{non-toxic},1
91,0,0.23179579056703123,1,1,"{non-toxic,toxic}",1
92,0,0.058199047785569745,1,0,{non-toxic},1
93,0,0.16823659513874437,1,0,{non-toxic},1
94,1,0.3945741475141466,1,1,"{non-toxic,toxic}",1
95,0,0.3134505114835419,1,1,"{non-toxic,toxic}",1
96,1,0.9988910429831813,0,1,{toxic},1
97,0,0.027263295730836547,1,0,{non-toxic},1
98,0,0.062136995300323176,1,0,{non-toxic},1
99,0,0.12510369938820134,1,0,{non-toxic},1
100,0,0.7950657562036701,0,1,{toxic},0
101,1,0.9539715032549113,0,1,{toxic},1
102,1,0.9903976003188937,0,1,{toxic},1
103,1,0.9992829743502929,0,1,{toxic},1
104,1,0.9299366741980689,0,1,{toxic},1
105,1,0.9981674717015171,0,1,{toxic},1
106,0,0.6205866511499126,1,1,"{non-toxic,toxic}",1
107,0,0.10697331838170587,1,0,{non-toxic},1
108,0,0.2907607920338534,1,1,"{non-toxic,toxic}",1
109,1,0.5155827994804322,1,1,"{non-toxic,toxic}",1
110,1,0.9439445555548254,0,1,{toxic},1
111,0,0.1062204135592921,1,0,{non-toxic},1
112,0,0.04146540401695571,1,0,{non-toxic},1
113,1,0.9991682172576022,0,1,{toxic},1
114,1,0.834023452224057,0,1,{toxic},1
115,1,0.9949682658060921,0,1,{toxic},1
116,0,0.07357727298313207,1,0,{non-toxic},1
117,0,0.3271136064461946,1,1,"{non-toxic,toxic}",1
118,1,0.9026577105055136,0,1,{toxic},1
119,0,0.07127154589168878,1,0,{non-toxic},1
120,0,0.15033734279907496,1,0,{non-toxic},1
121,1,0.9993696119790169,0,1,{toxic},1
122,1,0.9989013051469656,0,1,{toxic},1
123,0,0.5484546134068065,1,1,"{non-toxic,toxic}",1
124,0,0.05254773468719365,1,0,{non-toxic},1
125,1,0.9277214976361797,0,1,{toxic},1
126,1,0.21441133768313808,1,1,"{non-toxic,toxic}",1
127,0,0.0048923032802655145,1,0,{non-toxic},1
128,0,0.1720470768901876,1,0,{non-toxic},1
129,1,0.9593403002212298,0,1,{toxic},1
130,0,0.1374609785676183,1,0,{non-toxic},1
131,0,0.03455887794304023,1,0,{non-toxic},1
132,0,0.04155361821269334,1,0,{non-toxic},1
133,0,0.020412129971039975,1,0,{non-toxic},1
134,1,0.9992934743386809,0,1,{toxic},1
135,0,0.14519367488681253,1,0,{non-toxic},1
136,1,0.9911632687494447,0,1,{toxic},1
137,0,0.12431995854701516,1,0,{non-toxic},1
138,0,0.1623477443778731,1,0,{non-toxic},1
139,1,0.9992372022990739,0,1,{toxic},1
140,1,0.9953882936980548,0,1,{toxic},1
141,1,0.9989226253498419,0,1,{toxic},1
142,1,0.3836294756892902,1,1,"{non-toxic,toxic}",1
143,0,0.07837838475747208,1,0,{non-toxic},1
144,1,0.9757418209218578,0,1,{toxic},1
145,0,0.09740939530959829,1,0,{non-toxic},1
146,1,0.9993854175734351,0,1,{toxic},1
147,0,0.03639211235791053,1,0,{non-toxic},1
148,0,0.02970518976351633,1,0,{non-toxic},1
149,1,0.9945149085480831,0,1,{toxic},1
150,1,0.9963419459819441,0,1,{toxic},1
151,1,0.9918616267444723,0,1,{toxic},1
152,1,0.823237464195626,0,1,{toxic},1
153,0,0.36344623162245043,1,1,"{non-toxic,toxic}",1
154,0,0.05725760213418021,1,0,{non-toxic},1
155,0,0.04867876946952666,1,0,{non-toxic},1
156,0,0.09350689496097425,1,0,{non-toxic},1
157,0,0.8008475527679823,0,1,{toxic},0
158,0,0.09742486288998922,1,0,{non-toxic},1
159,1,0.999245681931926,0,1,{toxic},1
160,0,0.06021135051176075,1,0,{non-toxic},1
161,0,0.01443413557788181,1,0,{non-toxic},1
162,0,0.005357893047180032,1,0,{non-toxic},1
163,0,0.06063284407331488,1,0,{non-toxic},1
164,1,0.9591353604682121,0,1,{toxic},1
165,1,0.3280310228434409,1,1,"{non-toxic,toxic}",1
166,1,0.9991570522163334,0,1,{toxic},1
167,1,0.9988843386110589,0,1,{toxic},1
168,0,0.03016084247513113,1,0,{non-toxic},1
169,1,0.573315117704268,1,1,"{non-toxic,toxic}",1
170,0,0.0424667212968292,1,0,{non-toxic},1
171,1,0.9992099332533289,0,1,{toxic},1
172,1,0.3993002110235538,1,1,"{non-toxic,toxic}",1
173,1,0.8245725643495608,0,1,{toxic},1
174,1,0.9689082224754927,0,1,{toxic},1
175,1,0.9299391166912858,0,1,{toxic},1
176,0,0.027723272134638096,1,0,{non-toxic},1
177,1,0.8961255541124763,0,1,{toxic},1
178,0,0.10652512595156596,1,0,{non-toxic},1
179,0,0.08836752944435916,1,0,{non-toxic},1
180,1,0.7083951542575753,0,1,{toxic},1
181,0,0.04671692023872014,1,0,{non-toxic},1
182,1,0.9144363461125624,0,1,{toxic},1
183,0,0.05982217427369494,1,0,{non-toxic},1
184,0,0.029692517972672673,1,0,{non-toxic},1
185,0,0.016027919380170366,1,0,{non-toxic},1
186,1,0.9986271359396796,0,1,{toxic},1
187,0,0.0680992761684256,1,0,{non-toxic},1
188,1,0.8992015484578953,0,1,{toxic},1
189,0,0.007146268313641473,1,0,{non-toxic},1
190,0,0.3304460254800986,1,1,"{non-toxic,toxic}",1
191,0,0.03646111424420285,1,0,{non-toxic},1
192,1,0.9985707296325754,0,1,{toxic},1
193,0,0.25252230089382816,1,1,"{non-toxic,toxic}",1
194,1,0.2139649127508373,1,1,"{non-toxic,toxic}",1
195,0,0.02066469970710345,1,0,{non-toxic},1
196,1,0.7989076361890505,0,1,{toxic},1
197,1,0.9992599431549872,0,1,{toxic},1
198,0,0.640839098325692,1,1,"{non-toxic,toxic}",1
199,1,0.9965826065207499,0,1,{toxic},1
200,0,0.06281770504997078,1,0,{non-toxic},1
201,1,0.9439598040899252,0,1,{toxic},1
202,0,0.010674449887995478,1,0,{non-toxic},1
203,1,0.9822337654735226,0,1,{toxic},1
204,1,0.1904624435419095,1,1,"{non-toxic,toxic}",1
205,1,0.7682882545285274,0,1,{toxic},1
206,0,0.06166118626271938,1,0,{non-toxic},1
207,1,0.9992855660395912,0,1,{toxic},1
208,1,0.6942710833995844,0,1,{toxic},1
209,1,0.9977908940740767,0,1,{toxic},1
210,0,0.17051483848277987,1,0,{non-toxic},1
211,1,0.9991455163467966,0,1,{toxic},1
212,0,0.4972977724698488,1,1,"{non-toxic,toxic}",1
213,1,0.9988422407151359,0,1,{toxic},1
214,1,0.2764202838194894,1,1,"{non-toxic,toxic}",1
215,1,0.7576843957324908,0,1,{toxic},1
216,1,0.9525460017202971,0,1,{toxic},1
217,0,0.06754318554190797,1,0,{non-toxic},1
218,0,0.297251111608298,1,1,"{non-toxic,toxic}",1
219,0,0.09790215333012894,1,0,{non-toxic},1
220,0,0.006409385825271909,1,0,{non-toxic},1
221,1,0.6564818437314484,1,1,"{non-toxic,toxic}",1
222,0,0.09387907409040128,1,0,{non-toxic},1
223,0,0.005459133803345252,1,0,{non-toxic},1
224,1,0.8832712715889054,0,1,{toxic},1
225,0,0.12252721635285856,1,0,{non-toxic},1
226,1,0.9991058522528513,0,1,{toxic},1
227,0,0.013194169784740738,1,0,{non-toxic},1
228,1,0.9992369319572629,0,1,{toxic},1
229,0,0.23750024920374266,1,1,"{non-toxic,toxic}",1
230,1,0.9493361491444038,0,1,{toxic},1
231,1,0.24966282802796758,1,1,"{non-toxic,toxic}",1
232,0,0.005773360911817665,1,0,{non-toxic},1
233,1,0.9992308337712569,0,1,{toxic},1
234,0,0.13970968974664916,1,0,{non-toxic},1
235,0,0.011670585373479442,1,0,{non-toxic},1
236,1,0.9328920308735849,0,1,{toxic},1
237,0,0.1156471937346333,1,0,{non-toxic},1
238,0,0.006566507254736349,1,0,{non-toxic},1
239,1,0.7544941218282085,0,1,{toxic},1
240,1,0.40796295790062237,1,1,"{non-toxic,toxic}",1
241,0,0.05077908945849296,1,0,{non-toxic},1
242,0,0.00566453887645996,1,0,{non-toxic},1
243,0,0.03599624106948359,1,0,{non-toxic},1
244,1,0.999358481371627,0,1,{toxic},1
245,0,0.8002609774608122,0,1,{toxic},0
246,0,0.014980076756620504,1,0,{non-toxic},1
247,1,0.9977626140554007,0,1,{toxic},1
248,1,0.7626907337517442,0,1,{toxic},1
249,0,0.03897952735807658,1,0,{non-toxic},1
250,0,0.06717834648332001,1,0,{non-toxic},1
251,1,0.8771221732291923,0,1,{toxic},1
252,0,0.038870580249578325,1,0,{non-toxic},1
253,0,0.0778837573994554,1,0,{non-toxic},1
254,1,0.9992554060653867,0,1,{toxic},1
255,1,0.9991617275138334,0,1,{toxic},1
256,1,0.8377533742987723,0,1,{toxic},1
257,0,0.7536760247218441,0,1,{toxic},0
258,1,0.8479007954278939,0,1,{toxic},1
259,1,0.992869885777528,0,1,{toxic},1
260,0,0.045979106698404104,1,0,{non-toxic},1
261,0,0.12718319233989558,1,0,{non-toxic},1
262,0,0.2828501063835492,1,1,"{non-toxic,toxic}",1
263,1,0.9975010927708712,0,1,{toxic},1
264,0,0.0024928300995594307,1,0,{non-toxic},1
265,1,0.925136375801788,0,1,{toxic},1
266,1,0.99918451480546,0,1,{toxic},1
267,0,0.09124524763387774,1,0,{non-toxic},1
268,0,0.1056917156679361,1,0,{non-toxic},1
269,0,0.06299103524077945,1,0,{non-toxic},1
270,1,0.999227957568779,0,1,{toxic},1
271,0,0.8109003551307249,0,1,{toxic},0
272,0,0.022080023565717984,1,0,{non-toxic},1
273,0,0.15515776706348935,1,0,{non-toxic},1
274,1,0.9991897634074652,0,1,{toxic},1
275,1,0.9993494147296604,0,1,{toxic},1
276,0,0.09232056320709162,1,0,{non-toxic},1
277,1,0.9986691158799161,0,1,{toxic},1
278,1,0.9938924852040023,0,1,{toxic},1
279,0,0.39426078122486935,1,1,"{non-toxic,toxic}",1
280,1,0.9993800214754947,0,1,{toxic},1
281,1,0.9523114627445375,0,1,{toxic},1
282,1,0.9990337737055455,0,1,{toxic},1
283,0,0.036395009574333115,1,0,{non-toxic},1
284,0,0.11560122118748786,1,0,{non-toxic},1
285,0,0.7411355675956925,0,1,{toxic},0
286,1,0.7920782193691075,0,1,{toxic},1
287,1,0.8640377300945733,0,1,{toxic},1
288,0,0.04058781498087446,1,0,{non-toxic},1
289,0,0.12468787915588661,1,0,{non-toxic},1
290,1,0.9584346699593368,0,1,{toxic},1
291,0,0.20474099242581356,1,1,"{non-toxic,toxic}",1
292,1,0.6926161728835649,0,1,{toxic},1
293,0,0.19891892680900866,1,1,"{non-toxic,toxic}",1
294,1,0.6511306576653343,1,1,"{non-toxic,toxic}",1
295,1,0.9895868715102406,0,1,{toxic},1
296,0,0.16054952691175173,1,0,{non-toxic},1
297,1,0.4561678345524051,1,1,"{non-toxic,toxic}",1
298,0,0.055765194632413195,1,0,{non-toxic},1
299,0,0.005234280300503621,1,0,{non-toxic},1
300,0,0.015135982606972074,1,0,{non-toxic},1
301,1,0.9988158621568836,0,1,{toxic},1
302,0,0.004323688267857154,1,0,{non-toxic},1
303,1,0.9978947931744724,0,1,{toxic},1
304,0,0.2549424907204542,1,1,"{non-toxic,toxic}",1
305,1,0.08422382115835947,1,0,{non-toxic},0
306,0,0.034915690052751226,1,0,{non-toxic},1
307,1,0.9992388977544938,0,1,{toxic},1
308,1,0.8689634505792188,0,1,{toxic},1
309,1,0.9546026064203261,0,1,{toxic},1
310,1,0.9823830323478944,0,1,{toxic},1
311,1,0.8516179988308403,0,1,{toxic},1
312,1,0.9188393654382078,0,1,{toxic},1
313,1,0.9989692010259033,0,1,{toxic},1
314,0,0.20397399790672452,1,1,"{non-toxic,toxic}",1
315,1,0.8654284742114677,0,1,{toxic},1
316,1,0.9979219632255677,0,1,{toxic},1
317,0,0.03809328576817691,1,0,{non-toxic},1
318,1,0.04512721990153712,1,0,{non-toxic},0
319,1,0.9989872138726356,0,1,{toxic},1
320,0,0.047549879648972,1,0,{non-toxic},1
321,1,0.9811160857142489,0,1,{toxic},1
322,1,0.056014822330924044,1,0,{non-toxic},0
323,0,0.1755359667586599,1,0,{non-toxic},1
324,1,0.8592330361665289,0,1,{toxic},1
325,1,0.15779649735107737,1,0,{non-toxic},0
326,1,0.9632487729910713,0,1,{toxic},1
327,1,0.9978494538006174,0,1,{toxic},1
328,0,0.12518098737632205,1,0,{non-toxic},1
329,1,0.8484355330925907,0,1,{toxic},1
330,0,0.24455151282953486,1,1,"{non-toxic,toxic}",1
331,0,0.34900139388759277,1,1,"{non-toxic,toxic}",1
332,1,0.9968248100469385,0,1,{toxic},1
333,1,0.9988828387673985,0,1,{toxic},1
334,0,0.10297280981662506,1,0,{non-toxic},1
335,0,0.10792182884398029,1,0,{non-toxic},1
336,0,0.04158134572443609,1,0,{non-toxic},1
337,0,0.8198557446430451,0,1,{toxic},0
338,0,0.004964320653684554,1,0,{non-toxic},1
339,0,0.0026457664330774987,1,0,{non-toxic},1
340,1,0.9682969065684958,0,1,{toxic},1
341,0,0.061584144944326846,1,0,{non-toxic},1
342,1,0.9295819008859526,0,1,{toxic},1
343,1,0.9279963505512263,0,1,{toxic},1
344,0,0.06300882882479403,1,0,{non-toxic},1
345,0,0.04899773680848239,1,0,{non-toxic},1
346,1,0.9795125768295178,0,1,{toxic},1
347,1,0.05772323570844362,1,0,{non-toxic},0
348,1,0.9615988490984173,0,1,{toxic},1
349,0,0.021065916307716974,1,0,{non-toxic},1
350,1,0.9450880589821469,0,1,{toxic},1
351,0,0.030194374748828485,1,0,{non-toxic},1
352,1,0.7337934051871864,0,1,{toxic},1
353,0,0.30657651127448354,1,1,"{non-toxic,toxic}",1
354,1,0.9994244016644769,0,1,{toxic},1
355,1,0.9989455946089206,0,1,{toxic},1
356,0,0.8462730116231179,0,1,{toxic},0
357,0,0.06792759798025128,1,0,{non-toxic},1
358,0,0.05614210756323151,1,0,{non-toxic},1
359,0,0.07921273379372187,1,0,{non-toxic},1
360,0,0.1383541709755816,1,0,{non-toxic},1
361,1,0.9993342619702885,0,1,{toxic},1
362,1,0.9946081844971529,0,1,{toxic},1
363,0,0.04317982547287233,1,0,{non-toxic},1
364,1,0.80336129545154,0,1,{toxic},1
365,0,0.055827425691500523,1,0,{non-toxic},1
366,0,0.1696065923174072,1,0,{non-toxic},1
367,0,0.00704022720739382,1,0,{non-toxic},1
368,0,0.04970771604125315,1,0,{non-toxic},1
369,0,0.01446878460167496,1,0,{non-toxic},1
370,1,0.9502287542585686,0,1,{toxic},1
371,1,0.9974000414267284,0,1,{toxic},1
372,1,0.9798059534499363,0,1,{toxic},1
373,1,0.9838410607952259,0,1,{toxic},1
374,1,0.7407053066243426,0,1,{toxic},1
375,0,0.07349155428376451,1,0,{non-toxic},1
376,1,0.9623103704263238,0,1,{toxic},1
377,1,0.8432567018404803,0,1,{toxic},1
378,1,0.7641700376955319,0,1,{toxic},1
379,0,0.03608858074762319,1,0,{non-toxic},1
380,0,0.09149659652192402,1,0,{non-toxic},1
381,0,0.01981407387603474,1,0,{non-toxic},1
382,1,0.9624609231551244,0,1,{toxic},1
383,0,0.016668983373714443,1,0,{non-toxic},1
384,1,0.4838478596624429,1,1,"{non-toxic,toxic}",1
385,0,0.05044821398020492,1,0,{non-toxic},1
386,0,0.007648347030537307,1,0,{non-toxic},1
387,1,0.9994357321577154,0,1,{toxic},1
388,0,0.054600670088311265,1,0,{non-toxic},1
389,1,0.838981531235786,0,1,{toxic},1
390,1,0.8606227943360296,0,1,{toxic},1
391,1,0.9978280832545945,0,1,{toxic},1
392,0,0.05756638860780308,1,0,{non-toxic},1
393,1,0.9977220226308102,0,1,{toxic},1
394,0,0.040379138661874675,1,0,{non-toxic},1
395,0,0.035844820988394956,1,0,{non-toxic},1
396,1,0.8686043529430639,0,1,{toxic},1
397,0,0.029870170587103506,1,0,{non-toxic},1
398,0,0.27922658948893103,1,1,"{non-toxic,toxic}",1
399,1,0.9993977266861971,0,1,{toxic},1
400,0,0.08434674787743464,1,0,{non-toxic},1
401,1,0.9994578833076515,0,1,{toxic},1
402,1,0.3091067983905967,1,1,"{non-toxic,toxic}",1
403,0,0.04397295065293628,1,0,{non-toxic},1
404,0,0.033499639155183523,1,0,{non-toxic},1
405,0,0.08134549217983193,1,0,{non-toxic},1
406,1,0.8995459412204079,0,1,{toxic},1
407,0,0.03293624521374209,1,0,{non-toxic},1
408,1,0.9982790628295574,0,1,{toxic},1
409,0,0.07927077973487144,1,0,{non-toxic},1
410,0,0.9964737239897153,0,1,{toxic},0
411,0,0.08265076243941741,1,0,{non-toxic},1
412,1,0.4041756931387415,1,1,"{non-toxic,toxic}",1
413,1,0.9966870147906693,0,1,{toxic},1
414,1,0.9984751955927463,0,1,{toxic},1
415,0,0.04360818908479192,1,0,{non-toxic},1
416,1,0.16908661858689078,1,0,{non-toxic},0
417,1,0.9982936825715794,0,1,{toxic},1
418,0,0.05210441333231027,1,0,{non-toxic},1
419,1,0.9272792711338422,0,1,{toxic},1
420,0,0.008475903364174454,1,0,{non-toxic},1
421,0,0.022727006801459438,1,0,{non-toxic},1
422,1,0.40243381729172706,1,1,"{non-toxic,toxic}",1
423,1,0.5256258406672144,1,1,"{non-toxic,toxic}",1
424,0,0.665570604483616,1,1,"{non-toxic,toxic}",1
425,1,0.9192258848726063,0,1,{toxic},1
426,0,0.10132134513200187,1,0,{non-toxic},1
427,0,0.01675202031158212,1,0,{non-toxic},1
428,1,0.9820354961007502,0,1,{toxic},1
429,1,0.9987248787178896,0,1,{toxic},1
430,1,0.8508193780594812,0,1,{toxic},1
431,1,0.7220828089126096,0,1,{toxic},1
432,1,0.8262319357173392,0,1,{toxic},1
433,0,0.029310030747060106,1,0,{non-toxic},1
434,1,0.9552650264002143,0,1,{toxic},1
435,1,0.9991212541461403,0,1,{toxic},1
436,0,0.04880750946846298,1,0,{non-toxic},1
437,1,0.9934066851481476,0,1,{toxic},1
438,1,0.9978915808588362,0,1,{toxic},1
439,1,0.5038684462665377,1,1,"{non-toxic,toxic}",1
440,1,0.32773696272581515,1,1,"{non-toxic,toxic}",1
441,0,0.009450886393202903,1,0,{non-toxic},1
442,0,0.05301135268940253,1,0,{non-toxic},1
443,0,0.04124619216726592,1,0,{non-toxic},1
444,0,0.04969043368021006,1,0,{non-toxic},1
445,1,0.9887861159236329,0,1,{toxic},1
446,0,0.06281997928956067,1,0,{non-toxic},1
447,0,0.6274443881596221,1,1,"{non-toxic,toxic}",1
448,0,0.017241512477623875,1,0,{non-toxic},1
449,1,0.279572917030293,1,1,"{non-toxic,toxic}",1
450,0,0.35039210578419694,1,1,"{non-toxic,toxic}",1
451,1,0.9976550070811817,0,1,{toxic},1
452,0,0.20305580077748644,1,1,"{non-toxic,toxic}",1
453,1,0.6765306702172706,0,1,{toxic},1
454,0,0.003718041570759507,1,0,{non-toxic},1
455,1,0.9990602022864015,0,1,{toxic},1
456,1,0.999050336585578,0,1,{toxic},1
457,0,0.12387120508127777,1,0,{non-toxic},1
458,0,0.04652462462180269,1,0,{non-toxic},1
459,1,0.8425448552599432,0,1,{toxic},1
460,0,0.24345652246867885,1,1,"{non-toxic,toxic}",1
461,0,0.04911164297718082,1,0,{non-toxic},1
462,0,0.0781953864313881,1,0,{non-toxic},1
463,1,0.999276158733804,0,1,{toxic},1
464,0,0.2732632778277297,1,1,"{non-toxic,toxic}",1
465,0,0.0062254943619886195,1,0,{non-toxic},1
466,0,0.006742583831066835,1,0,{non-toxic},1
467,1,0.9958414419827429,0,1,{toxic},1
468,0,0.05572491550947619,1,0,{non-toxic},1
469,0,0.02861694412995695,1,0,{non-toxic},1
470,0,0.05202618262447292,1,0,{non-toxic},1
471,1,0.9990637652819696,0,1,{toxic},1
472,0,0.2432115538895459,1,1,"{non-toxic,toxic}",1
473,1,0.9459409523644869,0,1,{toxic},1
474,0,0.01189076188174336,1,0,{non-toxic},1
475,1,0.9320827898691302,0,1,{toxic},1
476,1,0.9991280321812049,0,1,{toxic},1
477,1,0.9991580969251684,0,1,{toxic},1
478,1,0.9251327498780528,0,1,{toxic},1
479,1,0.9989742097216746,0,1,{toxic},1
480,0,0.02664948794865199,1,0,{non-toxic},1
481,0,0.9884814754438036,0,1,{toxic},0
482,0,0.06752960566216008,1,0,{non-toxic},1
483,1,0.980937037500136,0,1,{toxic},1
484,0,0.2939583551783832,1,1,"{non-toxic,toxic}",1
485,1,0.9800225775718571,0,1,{toxic},1
486,1,0.9976021112825799,0,1,{toxic},1
487,1,0.9986610609113927,0,1,{toxic},1
488,0,0.0050587809181652935,1,0,{non-toxic},1
489,1,0.9265657198673386,0,1,{toxic},1
490,1,0.997622427813391,0,1,{toxic},1
491,1,0.9991438480863485,0,1,{toxic},1
492,1,0.7860755251626401,0,1,{toxic},1
493,0,0.003186079239919208,1,0,{non-toxic},1
494,1,0.9769698272378267,0,1,{toxic},1
495,1,0.9604218525611065,0,1,{toxic},1
496,1,0.02966695435042062,1,0,{non-toxic},0
497,0,0.9093153953960639,0,1,{toxic},0
498,1,0.9987461360967549,0,1,{toxic},1
499,0,0.3666830635640624,1,1,"{non-toxic,toxic}",1
500,0,0.029491827471442363,1,0,{non-toxic},1
501,1,0.4955060277624009,1,1,"{non-toxic,toxic}",1
502,0,0.13214890522733974,1,0,{non-toxic},1
503,1,0.9512394353608475,0,1,{toxic},1
504,1,0.9978851970825302,0,1,{toxic},1
505,1,0.6390463518043284,1,1,"{non-toxic,toxic}",1
506,0,0.0511647009747766,1,0,{non-toxic},1
507,1,0.9992502149037535,0,1,{toxic},1
508,1,0.9370744219813892,0,1,{toxic},1
509,1,0.9974948704655175,0,1,{toxic},1
510,1,0.9669052723706042,0,1,{toxic},1
511,0,0.006125119433388338,1,0,{non-toxic},1
512,1,0.9974306929962128,0,1,{toxic},1
513,1,0.9969984320409221,0,1,{toxic},1
514,0,0.047842670266403924,1,0,{non-toxic},1
515,0,0.02131820475913496,1,0,{non-toxic},1
516,1,0.9994003263901895,0,1,{toxic},1
517,1,0.9992582621924603,0,1,{toxic},1
518,0,0.07190327534347918,1,0,{non-toxic},1
519,0,0.05521926589790063,1,0,{non-toxic},1
520,0,0.17685160755172594,1,0,{non-toxic},1
521,1,0.9980776124036193,0,1,{toxic},1
522,1,0.9768410473314664,0,1,{toxic},1
523,0,0.0504809104299655,1,0,{non-toxic},1
524,0,0.10897094407667769,1,0,{non-toxic},1
525,0,0.16337559337201682,1,0,{non-toxic},1
526,1,0.7813702009759739,0,1,{toxic},1
527,0,0.8499246617322824,0,1,{toxic},0
528,0,0.0230861384342044,1,0,{non-toxic},1
529,0,0.182808840235888,1,1,"{non-toxic,toxic}",1
530,1,0.8514610820659099,0,1,{toxic},1
531,0,0.44791577934871274,1,1,"{non-toxic,toxic}",1
532,1,0.9993662807814501,0,1,{toxic},1
533,1,0.8515775580280078,0,1,{toxic},1
534,1,0.8886960424369388,0,1,{toxic},1
535,1,0.982109756986569,0,1,{toxic},1
536,0,0.03397833961784657,1,0,{non-toxic},1
537,0,0.0057363469611803825,1,0,{non-toxic},1
538,0,0.5024169882540509,1,1,"{non-toxic,toxic}",1
539,1,0.9986398964061608,0,1,{toxic},1
540,1,0.9982216177946164,0,1,{toxic},1
541,0,0.02314974762324069,1,0,{non-toxic},1
542,0,0.0367293911964917,1,0,{non-toxic},1
543,0,0.26428736028631916,1,1,"{non-toxic,toxic}",1
544,0,0.264431252876712,1,1,"{non-toxic,toxic}",1
545,1,0.999298528831786,0,1,{toxic},1
546,1,0.9357115010348155,0,1,{toxic},1
547,0,0.05483687361805767,1,0,{non-toxic},1
548,1,0.9979828996111271,0,1,{toxic},1
549,1,0.9543727278722254,0,1,{toxic},1
550,1,0.6487279184911313,1,1,"{non-toxic,toxic}",1
551,0,0.004466316126939901,1,0,{non-toxic},1
552,0,0.5068389475561257,1,1,"{non-toxic,toxic}",1
553,1,0.4579877772577567,1,1,"{non-toxic,toxic}",1
554,0,0.049061546764330013,1,0,{non-toxic},1
555,1,0.9990686402757676,0,1,{toxic},1
556,1,0.9980910803128826,0,1,{toxic},1
557,1,0.9518578860068257,0,1,{toxic},1
558,0,0.35160956948513306,1,1,"{non-toxic,toxic}",1
559,1,0.722855905682952,0,1,{toxic},1
560,1,0.958867814325749,0,1,{toxic},1
561,0,0.00804377695977318,1,0,{non-toxic},1
562,0,0.11924541627849124,1,0,{non-toxic},1
563,1,0.4707416139932383,1,1,"{non-toxic,toxic}",1
564,0,0.020033351175443383,1,0,{non-toxic},1
565,0,0.06171101063923011,1,0,{non-toxic},1
566,1,0.9191899900068126,0,1,{toxic},1
567,0,0.028935269536076915,1,0,{non-toxic},1
568,1,0.6873246781666076,0,1,{toxic},1
569,1,0.9478090807205997,0,1,{toxic},1
570,0,0.07901089419062506,1,0,{non-toxic},1
571,0,0.006965760118170153,1,0,{non-toxic},1
572,0,0.06539779355437558,1,0,{non-toxic},1
573,1,0.9957307151253589,0,1,{toxic},1
574,1,0.9989244310538469,0,1,{toxic},1
575,1,0.9991771219572317,0,1,{toxic},1
576,0,0.37141222242866245,1,1,"{non-toxic,toxic}",1
577,1,0.9989300557112339,0,1,{toxic},1
578,1,0.9991815607640683,0,1,{toxic},1
579,1,0.930808480001644,0,1,{toxic},1
580,0,0.4269994557965831,1,1,"{non-toxic,toxic}",1
581,1,0.9991112800474571,0,1,{toxic},1
582,1,0.9990005040306068,0,1,{toxic},1
583,1,0.9992088854923319,0,1,{toxic},1
584,1,0.9990336888713633,0,1,{toxic},1
585,1,0.3315844059373302,1,1,"{non-toxic,toxic}",1
586,0,0.10500197458959473,1,0,{non-toxic},1
587,0,0.11976481513820447,1,0,{non-toxic},1
588,0,0.27253126570808467,1,1,"{non-toxic,toxic}",1
589,1,0.9991349966551222,0,1,{toxic},1
590,1,0.9165406797849867,0,1,{toxic},1
591,1,0.8792508720017154,0,1,{toxic},1
592,0,0.08936491429850682,1,0,{non-toxic},1
593,1,0.9993923559736632,0,1,{toxic},1
594,0,0.04184096124223408,1,0,{non-toxic},1
595,1,0.21673291959099408,1,1,"{non-toxic,toxic}",1
596,1,0.9474368953958043,0,1,{toxic},1
597,0,0.13931893755617367,1,0,{non-toxic},1
598,1,0.9139837571154698,0,1,{toxic},1
599,0,0.030779492413466145,1,0,{non-toxic},1
600,1,0.9734435257312105,0,1,{toxic},1
601,1,0.9338175788019358,0,1,{toxic},1
602,1,0.8184530778408179,0,1,{toxic},1
603,0,0.06636827723073269,1,0,{non-toxic},1
604,0,0.04772278663294494,1,0,{non-toxic},1
605,1,0.9993956399468802,0,1,{toxic},1
606,1,0.8320525549171288,0,1,{toxic},1
607,1,0.9987608695063779,0,1,{toxic},1
608,1,0.4148305936273419,1,1,"{non-toxic,toxic}",1
609,1,0.6998604940949912,0,1,{toxic},1
610,1,0.9985456299619364,0,1,{toxic},1
611,0,0.036658812288637745,1,0,{non-toxic},1
612,1,0.9934950850067827,0,1,{toxic},1
613,1,0.9992349053808122,0,1,{toxic},1
614,0,0.05525550803364285,1,0,{non-toxic},1
615,0,0.05372840453290163,1,0,{non-toxic},1
616,1,0.9991382944698055,0,1,{toxic},1
617,0,0.15292101770425848,1,0,{non-toxic},1
618,0,0.13485289369809386,1,0,{non-toxic},1
619,0,0.016875337882482463,1,0,{non-toxic},1
620,0,0.054105128732438494,1,0,{non-toxic},1
621,0,0.06613987845290223,1,0,{non-toxic},1
622,1,0.9461636121369267,0,1,{toxic},1
623,0,0.04708843228395002,1,0,{non-toxic},1
624,1,0.8943575539276056,0,1,{toxic},1
625,0,0.05972816526391467,1,0,{non-toxic},1
626,1,0.9957812197713081,0,1,{toxic},1
627,1,0.9987710764085194,0,1,{toxic},1
628,0,0.03880267374301924,1,0,{non-toxic},1
629,0,0.6951606274108999,0,1,{toxic},0
630,0,0.10491482271367894,1,0,{non-toxic},1
631,0,0.07244346093495349,1,0,{non-toxic},1
632,1,0.9987679690226288,0,1,{toxic},1
633,0,0.021387376815706984,1,0,{non-toxic},1
634,0,0.021170550862208266,1,0,{non-toxic},1
635,0,0.05676059374429641,1,0,{non-toxic},1
636,0,0.04315680874665649,1,0,{non-toxic},1
637,1,0.9993279208769517,0,1,{toxic},1
638,0,0.667370428008505,1,1,"{non-toxic,toxic}",1
639,1,0.5817734107872755,1,1,"{non-toxic,toxic}",1
640,1,0.49926275639176126,1,1,"{non-toxic,toxic}",1
641,0,0.028258363241301234,1,0,{non-toxic},1
642,0,0.32015776197977314,1,1,"{non-toxic,toxic}",1
643,0,0.05715938055997742,1,0,{non-toxic},1
644,0,0.006617459551817827,1,0,{non-toxic},1
645,1,0.9988535933933216,0,1,{toxic},1
646,1,0.8913301104685922,0,1,{toxic},1
647,0,0.08397028520653692,1,0,{non-toxic},1
648,1,0.1863816042890252,1,1,"{non-toxic,toxic}",1
649,1,0.9950346548541956,0,1,{toxic},1
650,0,0.0431824718879941,1,0,{non-toxic},1
651,1,0.910030223000098,0,1,{toxic},1
652,0,0.006884544682117812,1,0,{non-toxic},1
653,1,0.1449403305756308,1,0,{non-toxic},0
654,1,0.9993985347798536,0,1,{toxic},1
655,1,0.9987054260854467,0,1,{toxic},1
656,0,0.20316265938446182,1,1,"{non-toxic,toxic}",1
657,1,0.9985574869130521,0,1,{toxic},1
658,0,0.007201481062867344,1,0,{non-toxic},1
659,0,0.13133184196571132,1,0,{non-toxic},1
660,1,0.996669909607439,0,1,{toxic},1
661,1,0.9972605998424241,0,1,{toxic},1
662,1,0.9989374541932361,0,1,{toxic},1
663,0,0.06261733685454363,1,0,{non-toxic},1
664,0,0.036786000868204626,1,0,{non-toxic},1
665,1,0.9988274707512123,0,1,{toxic},1
666,1,0.994924315861411,0,1,{toxic},1
667,0,0.0683262785985107,1,0,{non-toxic},1
668,0,0.11120641510170273,1,0,{non-toxic},1
669,1,0.9992791459281994,0,1,{toxic},1
670,0,0.14055224736191463,1,0,{non-toxic},1
671,1,0.8378025821106403,0,1,{toxic},1
672,1,0.9985198453180503,0,1,{toxic},1
673,0,0.01904456724803769,1,0,{non-toxic},1
674,1,0.9989500646366488,0,1,{toxic},1
675,1,0.9983520973697153,0,1,{toxic},1
676,1,0.9992124296411973,0,1,{toxic},1
677,1,0.9983983043046966,0,1,{toxic},1
678,1,0.9200168238640196,0,1,{toxic},1
679,1,0.6727062319361863,0,1,{toxic},1
680,1,0.9990104711732539,0,1,{toxic},1
681,1,0.8698735388680198,0,1,{toxic},1
682,0,0.00960490295670923,1,0,{non-toxic},1
683,0,0.029166652953442174,1,0,{non-toxic},1
684,0,0.019807347921081412,1,0,{non-toxic},1
685,1,0.9942229514170826,0,1,{toxic},1
686,1,0.995021692738331,0,1,{toxic},1
687,1,0.997663763413941,0,1,{toxic},1
688,1,0.9992494335874845,0,1,{toxic},1
689,1,0.9992941798417819,0,1,{toxic},1
690,1,0.9992682528248065,0,1,{toxic},1
691,1,0.9926113834283474,0,1,{toxic},1
692,0,0.09597107204771192,1,0,{non-toxic},1
693,0,0.062297591176772533,1,0,{non-toxic},1
694,1,0.9993673565167592,0,1,{toxic},1
695,1,0.9976503614012883,0,1,{toxic},1
696,1,0.2909867087457974,1,1,"{non-toxic,toxic}",1
697,1,0.8891748017841299,0,1,{toxic},1
698,0,0.6409210260189737,1,1,"{non-toxic,toxic}",1
699,0,0.06561629825236791,1,0,{non-toxic},1
700,0,0.13846640924895473,1,0,{non-toxic},1
701,0,0.2632310103401792,1,1,"{non-toxic,toxic}",1
702,1,0.8479063227775627,0,1,{toxic},1
703,0,0.04891581744355164,1,0,{non-toxic},1
704,1,0.9989179492962776,0,1,{toxic},1
705,1,0.9967224786724801,0,1,{toxic},1
706,0,0.018362915340184836,1,0,{non-toxic},1
707,1,0.9987292311353192,0,1,{toxic},1
708,1,0.9992515959295938,0,1,{toxic},1
709,1,0.15550969964785152,1,0,{non-toxic},0
710,0,0.04358088214314455,1,0,{non-toxic},1
711,1,0.9901279775280277,0,1,{toxic},1
712,1,0.9986633305490056,0,1,{toxic},1
713,1,0.3365758924919707,1,1,"{non-toxic,toxic}",1
714,0,0.29672387889265955,1,1,"{non-toxic,toxic}",1
715,1,0.9993843965491368,0,1,{toxic},1
716,1,0.9245873093751253,0,1,{toxic},1
717,1,0.9986207733233018,0,1,{toxic},1
718,1,0.9422733272885491,0,1,{toxic},1
719,0,0.22100044659573753,1,1,"{non-toxic,toxic}",1
720,1,0.651851566643234,1,1,"{non-toxic,toxic}",1
721,0,0.43864318759912807,1,1,"{non-toxic,toxic}",1
722,1,0.9505933026815544,0,1,{toxic},1
723,1,0.9992190343569708,0,1,{toxic},1
724,1,0.9990815860753197,0,1,{toxic},1
725,0,0.20284310785334517,1,1,"{non-toxic,toxic}",1
726,1,0.7925802413529398,0,1,{toxic},1
727,0,0.04202298886037582,1,0,{non-toxic},1
728,1,0.9992203601977216,0,1,{toxic},1
729,1,0.9494299092791451,0,1,{toxic},1
730,0,0.07467967198900079,1,0,{non-toxic},1
731,1,0.9961497376736096,0,1,{toxic},1
732,0,0.023556293157501358,1,0,{non-toxic},1
733,0,0.4553498810634504,1,1,"{non-toxic,toxic}",1
734,0,0.1727590602671726,1,0,{non-toxic},1
735,1,0.9982710933303035,0,1,{toxic},1
736,1,0.6238583166021108,1,1,"{non-toxic,toxic}",1
737,1,0.9992903380711264,0,1,{toxic},1
738,0,0.016350396678698448,1,0,{non-toxic},1
739,0,0.07547745931038685,1,0,{non-toxic},1
740,0,0.004605313608882315,1,0,{non-toxic},1
741,0,0.005677797585069176,1,0,{non-toxic},1
742,1,0.9987887225525224,0,1,{toxic},1
743,1,0.9175807411079419,0,1,{toxic},1
744,0,0.04980364910562053,1,0,{non-toxic},1
745,0,0.06546699022658904,1,0,{non-toxic},1
746,1,0.9993233357529478,0,1,{toxic},1
747,1,0.27132221263583883,1,1,"{non-toxic,toxic}",1
748,1,0.9068505832571147,0,1,{toxic},1
749,1,0.8350582386462035,0,1,{toxic},1
750,0,0.06092296794401453,1,0,{non-toxic},1
751,0,0.05031513605089317,1,0,{non-toxic},1
752,1,0.8854722755210643,0,1,{toxic},1
753,0,0.27205802319463734,1,1,"{non-toxic,toxic}",1
754,0,0.0432076159724879,1,0,{non-toxic},1
755,0,0.29738126189229064,1,1,"{non-toxic,toxic}",1
756,0,0.0842686985652597,1,0,{non-toxic},1
757,1,0.9948628537427083,0,1,{toxic},1
758,0,0.011031405623128997,1,0,{non-toxic},1
759,0,0.17037775502940755,1,0,{non-toxic},1
760,0,0.06427096084998499,1,0,{non-toxic},1
761,0,0.025258896809079213,1,0,{non-toxic},1
762,1,0.7427175309820634,0,1,{toxic},1
763,0,0.0793032938895004,1,0,{non-toxic},1
764,1,0.5929123787916183,1,1,"{non-toxic,toxic}",1
765,0,0.11204819088095593,1,0,{non-toxic},1
766,1,0.8311917583400439,0,1,{toxic},1
767,0,0.054053941611306014,1,0,{non-toxic},1
768,1,0.9993982399154984,0,1,{toxic},1
769,0,0.06108346868634079,1,0,{non-toxic},1
770,1,0.9991363124082769,0,1,{toxic},1
771,0,0.17899618373201304,1,0,{non-toxic},1
772,1,0.8926700709596309,0,1,{toxic},1
773,1,0.998684199188739,0,1,{toxic},1
774,1,0.30519490712565656,1,1,"{non-toxic,toxic}",1
775,0,0.20970740579027763,1,1,"{non-toxic,toxic}",1
776,0,0.11415978863372833,1,0,{non-toxic},1
777,0,0.024900794491546342,1,0,{non-toxic},1
778,1,0.7303722245552733,0,1,{toxic},1
779,0,0.13490297292604914,1,0,{non-toxic},1
780,0,0.593334951822454,1,1,"{non-toxic,toxic}",1
781,0,0.011446529764232835,1,0,{non-toxic},1
782,0,0.125843138398494,1,0,{non-toxic},1
783,0,0.06192751940888983,1,0,{non-toxic},1
784,1,0.9754281463190723,0,1,{toxic},1
785,1,0.6586646515885279,1,1,"{non-toxic,toxic}",1
786,1,0.9984902418621642,0,1,{toxic},1
787,1,0.9992138018738643,0,1,{toxic},1
788,0,0.007453435564269811,1,0,{non-toxic},1
789,0,0.04762768811604756,1,0,{non-toxic},1
790,0,0.6559898836926644,1,1,"{non-toxic,toxic}",1
791,1,0.48305693043634673,1,1,"{non-toxic,toxic}",1
792,0,0.0713606750688001,1,0,{non-toxic},1
793,1,0.996970742808322,0,1,{toxic},1
794,1,0.9926101367256606,0,1,{toxic},1
795,1,0.9478425158550691,0,1,{toxic},1
796,0,0.0059439525656966394,1,0,{non-toxic},1
797,0,0.09974595950059059,1,0,{non-toxic},1
798,0,0.050667754362650204,1,0,{non-toxic},1
799,0,0.06325907168586196,1,0,{non-toxic},1
800,0,0.1012602642113536,1,0,{non-toxic},1
801,0,0.33121979738234586,1,1,"{non-toxic,toxic}",1
802,0,0.08509961870203482,1,0,{non-toxic},1
803,1,0.9993917836287204,0,1,{toxic},1
804,0,0.014839315955030106,1,0,{non-toxic},1
805,1,0.9733324857930649,0,1,{toxic},1
806,1,0.6583615942696456,1,1,"{non-toxic,toxic}",1
807,1,0.9254654554364005,0,1,{toxic},1
808,0,0.005594408319339179,1,0,{non-toxic},1
809,1,0.9991588907927503,0,1,{toxic},1
810,0,0.020062293235043816,1,0,{non-toxic},1
811,1,0.9984193248630523,0,1,{toxic},1
812,1,0.7203177705193464,0,1,{toxic},1
813,1,0.9966872119080588,0,1,{toxic},1
814,1,0.9989551069626863,0,1,{toxic},1
815,0,0.06968711146836565,1,0,{non-toxic},1
816,1,0.9991319225429081,0,1,{toxic},1
817,0,0.020442718209910418,1,0,{non-toxic},1
818,0,0.7414315030332174,0,1,{toxic},0
819,0,0.035010905143831,1,0,{non-toxic},1
820,0,0.0027379470671728915,1,0,{non-toxic},1
821,1,0.9983552185878755,0,1,{toxic},1
822,1,0.9990628183773107,0,1,{toxic},1
823,0,0.5397080454235326,1,1,"{non-toxic,toxic}",1
824,1,0.9343032402036932,0,1,{toxic},1
825,1,0.9992179767010684,0,1,{toxic},1
826,1,0.9985792798563748,0,1,{toxic},1
827,1,0.7598647911869949,0,1,{toxic},1
828,1,0.9985220271910551,0,1,{toxic},1
829,1,0.2528456374451286,1,1,"{non-toxic,toxic}",1
830,1,0.9984840408640578,0,1,{toxic},1
831,0,0.6664590152036476,1,1,"{non-toxic,toxic}",1
832,0,0.0659969107998029,1,0,{non-toxic},1
833,1,0.9989870365156637,0,1,{toxic},1
834,1,0.8116701806351285,0,1,{toxic},1
835,0,0.8281076374815068,0,1,{toxic},0
836,1,0.998974126075728,0,1,{toxic},1
837,1,0.999234619894332,0,1,{toxic},1
838,0,0.04855700536526101,1,0,{non-toxic},1
839,0,0.021040189894683606,1,0,{non-toxic},1
840,0,0.1501929624406327,1,0,{non-toxic},1
841,0,0.06672642005045099,1,0,{non-toxic},1
842,1,0.04576786188498596,1,0,{non-toxic},0
843,0,0.020883707216983297,1,0,{non-toxic},1
844,1,0.5120085651136215,1,1,"{non-toxic,toxic}",1
845,1,0.9992505035977781,0,1,{toxic},1
846,1,0.31896691952577966,1,1,"{non-toxic,toxic}",1
847,0,0.04238172459755303,1,0,{non-toxic},1
848,1,0.9490873058740474,0,1,{toxic},1
849,1,0.9971501054260937,0,1,{toxic},1
850,0,0.14763477699681257,1,0,{non-toxic},1
851,1,0.9988295713065133,0,1,{toxic},1
852,1,0.9988092835227034,0,1,{toxic},1
853,1,0.9475466037846929,0,1,{toxic},1
854,0,0.07088551544242487,1,0,{non-toxic},1
855,1,0.997211479767547,0,1,{toxic},1
856,0,0.09262543760595662,1,0,{non-toxic},1
857,0,0.1489987961228774,1,0,{non-toxic},1
858,0,0.7581879735330306,0,1,{toxic},0
859,0,0.025867639159512755,1,0,{non-toxic},1
860,0,0.9466075994625045,0,1,{toxic},0
861,1,0.9346379786744905,0,1,{toxic},1
862,1,0.9962736203703734,0,1,{toxic},1
863,0,0.8295507010186467,0,1,{toxic},0
864,1,0.9895991000850748,0,1,{toxic},1
865,0,0.7005966523171336,0,1,{toxic},0
866,0,0.029464368158581385,1,0,{non-toxic},1
867,1,0.8547833598063173,0,1,{toxic},1
868,0,0.4768913573757846,1,1,"{non-toxic,toxic}",1
869,1,0.9961316382636883,0,1,{toxic},1
870,1,0.8650184742804355,0,1,{toxic},1
871,0,0.00463212321051454,1,0,{non-toxic},1
872,0,0.07412572821006025,1,0,{non-toxic},1
873,0,0.011845887714872898,1,0,{non-toxic},1
874,0,0.207256912220046,1,1,"{non-toxic,toxic}",1
875,0,0.3600777310031776,1,1,"{non-toxic,toxic}",1
876,1,0.8655923615997979,0,1,{toxic},1
877,0,0.04587868451221355,1,0,{non-toxic},1
878,1,0.9991860489498408,0,1,{toxic},1
879,1,0.9974504835595778,0,1,{toxic},1
880,0,0.08492344881740978,1,0,{non-toxic},1
881,1,0.46018799575546326,1,1,"{non-toxic,toxic}",1
882,0,0.11600402571058802,1,0,{non-toxic},1
883,1,0.6645595835153377,1,1,"{non-toxic,toxic}",1
884,1,0.8928442645513356,0,1,{toxic},1
885,1,0.12838805832608416,1,0,{non-toxic},0
886,0,0.4586512833202621,1,1,"{non-toxic,toxic}",1
887,1,0.8592152661176992,0,1,{toxic},1
888,0,0.25765478724431456,1,1,"{non-toxic,toxic}",1
889,1,0.8519749921479634,0,1,{toxic},1
890,1,0.8766676438100572,0,1,{toxic},1
891,0,0.06561759700614928,1,0,{non-toxic},1
892,0,0.12535380534653512,1,0,{non-toxic},1
893,0,0.04943300567817023,1,0,{non-toxic},1
894,1,0.9578473515463912,0,1,{toxic},1
895,1,0.9990550399140113,0,1,{toxic},1
896,0,0.07235924089886613,1,0,{non-toxic},1
897,0,0.4810445570424797,1,1,"{non-toxic,toxic}",1
898,1,0.9965437155265505,0,1,{toxic},1
899,0,0.10891847220614778,1,0,{non-toxic},1
900,1,0.8867917076356252,0,1,{toxic},1
901,0,0.008738739861620283,1,0,{non-toxic},1
902,1,0.9471520023117902,0,1,{toxic},1
903,0,0.9218744232328003,0,1,{toxic},0
904,0,0.24100728576182018,1,1,"{non-toxic,toxic}",1
905,0,0.010095016227138003,1,0,{non-toxic},1
906,0,0.9935422629974052,0,1,{toxic},0
907,1,0.9962227545259041,0,1,{toxic},1
908,1,0.98749788668768,0,1,{toxic},1
909,0,0.0532745253873861,1,0,{non-toxic},1
910,0,0.0498677857806868,1,0,{non-toxic},1
911,0,0.2776958846297965,1,1,"{non-toxic,toxic}",1
912,0,0.027002524134002295,1,0,{non-toxic},1
913,1,0.9964093098912516,0,1,{toxic},1
914,1,0.9781358683536088,0,1,{toxic},1
915,0,0.0915957489874187,1,0,{non-toxic},1
916,1,0.9450202136130018,0,1,{toxic},1
917,0,0.027186701890751556,1,0,{non-toxic},1
918,1,0.9958260867589667,0,1,{toxic},1
919,1,0.9609815184312561,0,1,{toxic},1
920,1,0.9834872242717967,0,1,{toxic},1
921,0,0.04004579431520002,1,0,{non-toxic},1
922,0,0.15781799775679298,1,0,{non-toxic},1
923,1,0.934195688525678,0,1,{toxic},1
924,1,0.9992479422253663,0,1,{toxic},1
925,1,0.9992313397085161,0,1,{toxic},1
926,0,0.14470253413618858,1,0,{non-toxic},1
927,0,0.006702182466303803,1,0,{non-toxic},1
928,0,0.18338286011793112,1,1,"{non-toxic,toxic}",1
929,1,0.9375794914720147,0,1,{toxic},1
930,1,0.9960383165025363,0,1,{toxic},1
931,0,0.0846945128051095,1,0,{non-toxic},1
932,0,0.029562334737044442,1,0,{non-toxic},1
933,1,0.9857453215129192,0,1,{toxic},1
934,0,0.0036461833663376277,1,0,{non-toxic},1
935,1,0.6930771375247406,0,1,{toxic},1
936,1,0.7749570279124677,0,1,{toxic},1
937,1,0.47417447063640983,1,1,"{non-toxic,toxic}",1
938,1,0.9948185435270237,0,1,{toxic},1
939,0,0.07412976134139226,1,0,{non-toxic},1
940,0,0.1516468390932354,1,0,{non-toxic},1
941,1,0.9668340466656775,0,1,{toxic},1
942,1,0.7688133771246324,0,1,{toxic},1
943,1,0.999211898919373,0,1,{toxic},1
944,1,0.9993836393120203,0,1,{toxic},1
945,0,0.050870421507052635,1,0,{non-toxic},1
946,1,0.9672363068336404,0,1,{toxic},1
947,0,0.027730423115107396,1,0,{non-toxic},1
948,1,0.7164632411911236,0,1,{toxic},1
949,0,0.01955936255155974,1,0,{non-toxic},1
950,0,0.041917177095304056,1,0,{non-toxic},1
951,1,0.962009012247338,0,1,{toxic},1
952,0,0.7714307290891304,0,1,{toxic},0
953,1,0.9992019533445483,0,1,{toxic},1
954,0,0.056150019721820384,1,0,{non-toxic},1
955,1,0.9963952086925446,0,1,{toxic},1
956,1,0.9452991476715277,0,1,{toxic},1
957,1,0.9448616130696563,0,1,{toxic},1
958,1,0.9846698281620815,0,1,{toxic},1
959,0,0.057972268630434386,1,0,{non-toxic},1
960,1,0.9993053418587572,0,1,{toxic},1
961,0,0.06977206950461172,1,0,{non-toxic},1
962,0,0.08709482364599516,1,0,{non-toxic},1
963,0,0.041140451196756606,1,0,{non-toxic},1
964,0,0.16311229057470156,1,0,{non-toxic},1
965,0,0.05382907395419578,1,0,{non-toxic},1
966,1,0.9097747538881957,0,1,{toxic},1
967,0,0.1882511753972483,1,1,"{non-toxic,toxic}",1
968,1,0.9584410489427406,0,1,{toxic},1
969,1,0.7994834479584834,0,1,{toxic},1
970,0,0.47013379070732364,1,1,"{non-toxic,toxic}",1
971,0,0.03702695141503105,1,0,{non-toxic},1
972,1,0.9989908831946953,0,1,{toxic},1
973,0,0.034134126773998456,1,0,{non-toxic},1
974,1,0.05054871137247433,1,0,{non-toxic},0
975,0,0.6191750858828937,1,1,"{non-toxic,toxic}",1
976,1,0.6695639579576793,1,1,"{non-toxic,toxic}",1
977,1,0.9993972770937519,0,1,{toxic},1
978,0,0.08588511375287367,1,0,{non-toxic},1
979,1,0.9715154882857991,0,1,{toxic},1
980,1,0.9994091746962306,0,1,{toxic},1
981,0,0.15880957515435176,1,0,{non-toxic},1
982,0,0.035108613228110964,1,0,{non-toxic},1
983,0,0.05944952647344093,1,0,{non-toxic},1
984,1,0.9979006955895728,0,1,{toxic},1
985,1,0.8239772125559329,0,1,{toxic},1
986,1,0.998778466354354,0,1,{toxic},1
987,0,0.03840169615052199,1,0,{non-toxic},1
988,1,0.9916144778013565,0,1,{toxic},1
989,0,0.2341123401981241,1,1,"{non-toxic,toxic}",1
990,1,0.5273239562307346,1,1,"{non-toxic,toxic}",1
991,0,0.7378605454584102,0,1,{toxic},0
992,0,0.5585840613637221,1,1,"{non-toxic,toxic}",1
993,0,0.15790993225356167,1,0,{non-toxic},1
994,1,0.9991500595477049,0,1,{toxic},1
995,0,0.07419741573920202,1,0,{non-toxic},1
996,0,0.1583271189563453,1,0,{non-toxic},1
997,1,0.8569719950886758,0,1,{toxic},1
998,1,0.9991933820984789,0,1,{toxic},1
999,1,0.88724184172319,0,1,{toxic},1
1000,0,0.07656968561679701,1,0,{non-toxic},1
1001,1,0.9976793002898438,0,1,{toxic},1
1002,0,0.07290494986166568,1,0,{non-toxic},1
1003,0,0.012333039131612518,1,0,{non-toxic},1
1004,1,0.8461728518543181,0,1,{toxic},1
1005,1,0.998704297452202,0,1,{toxic},1
1006,1,0.9990293795598378,0,1,{toxic},1
1007,0,0.01838336707575395,1,0,{non-toxic},1
1008,0,0.12197956224559353,1,0,{non-toxic},1
1009,1,0.9988546978561132,0,1,{toxic},1
1010,1,0.9956279770512974,0,1,{toxic},1
1011,0,0.1228966789841699,1,0,{non-toxic},1
1012,1,0.908802312196635,0,1,{toxic},1
1013,0,0.0056199962760319945,1,0,{non-toxic},1
1014,1,0.9920714585142558,0,1,{toxic},1
1015,0,0.052463378678108644,1,0,{non-toxic},1
1016,0,0.13987363190589422,1,0,{non-toxic},1
1017,1,0.6090157261961716,1,1,"{non-toxic,toxic}",1
1018,1,0.6856818276901877,0,1,{toxic},1
1019,0,0.2417598436928681,1,1,"{non-toxic,toxic}",1
1020,1,0.8412106067564726,0,1,{toxic},1
1021,1,0.9989048397961738,0,1,{toxic},1
1022,0,0.0055525543302612276,1,0,{non-toxic},1
1023,0,0.08249135051399756,1,0,{non-toxic},1
1024,1,0.9992192090724749,0,1,{toxic},1
1025,0,0.00615175886371166,1,0,{non-toxic},1
1026,1,0.9194941945233394,0,1,{toxic},1
1027,1,0.9167485129714711,0,1,{toxic},1
1028,0,0.0035717033617299167,1,0,{non-toxic},1
1029,1,0.9812377657212062,0,1,{toxic},1
1030,1,0.9990746153437173,0,1,{toxic},1
1031,0,0.146527085205359,1,0,{non-toxic},1
1032,0,0.19587776065917742,1,1,"{non-toxic,toxic}",1
1033,1,0.43861800425338426,1,1,"{non-toxic,toxic}",1
1034,1,0.9993053418587572,0,1,{toxic},1
1035,0,0.11180341651808116,1,0,{non-toxic},1
1036,0,0.023058588389545855,1,0,{non-toxic},1
1037,0,0.007858382435208205,1,0,{non-toxic},1
1038,0,0.15861938949037976,1,0,{non-toxic},1
1039,0,0.06604999430872312,1,0,{non-toxic},1
1040,0,0.5131199999092978,1,1,"{non-toxic,toxic}",1
1041,0,0.0038988219238788916,1,0,{non-toxic},1
1042,0,0.0218609295692766,1,0,{non-toxic},1
1043,0,0.06601787368345485,1,0,{non-toxic},1
1044,0,0.13733575089792105,1,0,{non-toxic},1
1045,0,0.05820334399057945,1,0,{non-toxic},1
1046,0,0.026585657390368656,1,0,{non-toxic},1
1047,1,0.9987475466379769,0,1,{toxic},1
1048,0,0.08066601537953041,1,0,{non-toxic},1
1049,1,0.9962317532712615,0,1,{toxic},1
1050,0,0.12068262016580902,1,0,{non-toxic},1
1051,0,0.13044814166198324,1,0,{non-toxic},1
1052,1,0.9307184879521067,0,1,{toxic},1
1053,0,0.08651316782208283,1,0,{non-toxic},1
1054,0,0.4474255048874837,1,1,"{non-toxic,toxic}",1
1055,1,0.9294925884840191,0,1,{toxic},1
1056,0,0.2752093364267871,1,1,"{non-toxic,toxic}",1
1057,1,0.8857580964977643,0,1,{toxic},1
1058,0,0.36385001451309523,1,1,"{non-toxic,toxic}",1
1059,1,0.9992318472226351,0,1,{toxic},1
1060,0,0.7787862336396908,0,1,{toxic},0
1061,1,0.998859487208079,0,1,{toxic},1
1062,1,0.9292787015635877,0,1,{toxic},1
1063,0,0.07532088943858813,1,0,{non-toxic},1
1064,1,0.8335494447268957,0,1,{toxic},1
1065,1,0.8539891348257697,0,1,{toxic},1
1066,0,0.09905774242713371,1,0,{non-toxic},1
1067,1,0.453324457730335,1,1,"{non-toxic,toxic}",1
1068,1,0.9600660505738586,0,1,{toxic},1
1069,0,0.14769724182149532,1,0,{non-toxic},1
1070,1,0.4698339421673918,1,1,"{non-toxic,toxic}",1
1071,1,0.9992621578957583,0,1,{toxic},1
1072,1,0.748726205579209,0,1,{toxic},1
1073,0,0.046594492647544415,1,0,{non-toxic},1
1074,1,0.9992450317899604,0,1,{toxic},1
1075,0,0.06596541718986364,1,0,{non-toxic},1
1076,0,0.22655329568190646,1,1,"{non-toxic,toxic}",1
1077,1,0.7578153188410026,0,1,{toxic},1
1078,1,0.8628163030695489,0,1,{toxic},1
1079,1,0.9993786340256006,0,1,{toxic},1
1080,1,0.028640454630907114,1,0,{non-toxic},0
1081,0,0.41140233009322413,1,1,"{non-toxic,toxic}",1
1082,1,0.9978117536145278,0,1,{toxic},1
1083,0,0.7380365106612916,0,1,{toxic},0
1084,0,0.04105870838314579,1,0,{non-toxic},1
1085,1,0.9991868652614627,0,1,{toxic},1
1086,0,0.3187122131311647,1,1,"{non-toxic,toxic}",1
1087,1,0.9991216088417728,0,1,{toxic},1
1088,0,0.031153752490181888,1,0,{non-toxic},1
1089,0,0.11093647399910289,1,0,{non-toxic},1
1090,0,0.04389599097190432,1,0,{non-toxic},1
1091,0,0.5720112311817253,1,1,"{non-toxic,toxic}",1
1092,0,0.1024425305938379,1,0,{non-toxic},1
1093,0,0.054928971874548156,1,0,{non-toxic},1
1094,0,0.25147586152118495,1,1,"{non-toxic,toxic}",1
1095,1,0.6050891875715335,1,1,"{non-toxic,toxic}",1
1096,0,0.04169197714790565,1,0,{non-toxic},1
1097,0,0.04771344996339751,1,0,{non-toxic},1
1098,1,0.9993339863575385,0,1,{toxic},1
1099,0,0.046416281808822804,1,0,{non-toxic},1
1100,0,0.6055518130166821,1,1,"{non-toxic,toxic}",1
1101,1,0.9969263824682378,0,1,{toxic},1
1102,1,0.9984376225033991,0,1,{toxic},1
1103,0,0.02603071947773724,1,0,{non-toxic},1
1104,1,0.9961666885760548,0,1,{toxic},1
1105,1,0.968675773277084,0,1,{toxic},1
1106,1,0.1526867530532663,1,0,{non-toxic},0
1107,0,0.038012554477023314,1,0,{non-toxic},1
1108,1,0.9992648703565774,0,1,{toxic},1
1109,0,0.026034962212058116,1,0,{non-toxic},1
1110,1,0.9991380710161221,0,1,{toxic},1
1111,0,0.1061694228019213,1,0,{non-toxic},1
1112,0,0.18180808492342063,1,0,{non-toxic},1
1113,0,0.005057413285462047,1,0,{non-toxic},1
1114,1,0.9296810371892712,0,1,{toxic},1
1115,1,0.9988843026499985,0,1,{toxic},1
1116,1,0.7654924818728813,0,1,{toxic},1
1117,1,0.9990621241332815,0,1,{toxic},1
1118,1,0.2525580395659932,1,1,"{non-toxic,toxic}",1
1119,1,0.9915233240353354,0,1,{toxic},1
1120,0,0.0915733126398166,1,0,{non-toxic},1
1121,0,0.0556154174290546,1,0,{non-toxic},1
1122,0,0.09577502719080672,1,0,{non-toxic},1
1123,1,0.0634140557469499,1,0,{non-toxic},0
1124,1,0.9992248573863074,0,1,{toxic},1
1125,1,0.8678072068617869,0,1,{toxic},1
1126,1,0.9744002775612408,0,1,{toxic},1
1127,1,0.8864308597177468,0,1,{toxic},1
1128,0,0.1198187963290684,1,0,{non-toxic},1
1129,1,0.45890726892325884,1,1,"{non-toxic,toxic}",1
1130,1,0.9975366684401421,0,1,{toxic},1
1131,1,0.999218119199338,0,1,{toxic},1
1132,0,0.013274705803087391,1,0,{non-toxic},1
1133,0,0.17531866488005113,1,0,{non-toxic},1
1134,0,0.02129440741198984,1,0,{non-toxic},1
1135,1,0.9960560081758456,0,1,{toxic},1
1136,0,0.190656593217646,1,1,"{non-toxic,toxic}",1
1137,1,0.9995088131296183,0,1,{toxic},1
1138,0,0.06634535990474193,1,0,{non-toxic},1
1139,1,0.8429806863248751,0,1,{toxic},1
1140,0,0.005141228770137356,1,0,{non-toxic},1
1141,1,0.12303554399552696,1,0,{non-toxic},0
1142,0,0.006506801823458348,1,0,{non-toxic},1
1143,0,0.005335315629227971,1,0,{non-toxic},1
1144,1,0.8310381763523152,0,1,{toxic},1
1145,1,0.9987420597680807,0,1,{toxic},1
1146,1,0.30221338815042087,1,1,"{non-toxic,toxic}",1
1147,1,0.9962987645657734,0,1,{toxic},1
1148,1,0.9721227516304601,0,1,{toxic},1
1149,1,0.9993636264771016,0,1,{toxic},1
1150,0,0.8382112111835393,0,1,{toxic},0
1151,0,0.06928858210455524,1,0,{non-toxic},1
1152,1,0.9985311002795582,0,1,{toxic},1
1153,0,0.014334684848730553,1,0,{non-toxic},1
1154,0,0.7656798503624926,0,1,{toxic},0
1155,0,0.04428987710044141,1,0,{non-toxic},1
1156,0,0.060161517123672764,1,0,{non-toxic},1
1157,1,0.9983364467771223,0,1,{toxic},1
1158,0,0.020689351380973445,1,0,{non-toxic},1
1159,1,0.7099569772204597,0,1,{toxic},1
1160,0,0.061473895246557456,1,0,{non-toxic},1
1161,1,0.9982069325499783,0,1,{toxic},1
1162,0,0.04089238644294897,1,0,{non-toxic},1
1163,0,0.028890598140903334,1,0,{non-toxic},1
1164,0,0.002434718840676203,1,0,{non-toxic},1
1165,1,0.9977905181516847,0,1,{toxic},1
1166,1,0.9983700623802501,0,1,{toxic},1
1167,0,0.003961256459707359,1,0,{non-toxic},1
1168,0,0.07520611072231527,1,0,{non-toxic},1
1169,0,0.13307783820081368,1,0,{non-toxic},1
1170,1,0.99715907898537,0,1,{toxic},1
1171,1,0.9987814902847059,0,1,{toxic},1
1172,0,0.07542947398595569,1,0,{non-toxic},1
1173,1,0.8893041035910727,0,1,{toxic},1
1174,0,0.029386310617939764,1,0,{non-toxic},1
1175,1,0.9970540335706687,0,1,{toxic},1
1176,1,0.9982310637553475,0,1,{toxic},1
1177,1,0.9750398818366686,0,1,{toxic},1
1178,1,0.8960979815060282,0,1,{toxic},1
1179,0,0.014856687542293232,1,0,{non-toxic},1
1180,0,0.02391881991410689,1,0,{non-toxic},1
1181,1,0.9991121621844391,0,1,{toxic},1
1182,1,0.9984301559812315,0,1,{toxic},1
1183,1,0.9992905982903769,0,1,{toxic},1
1184,1,0.9993059135466326,0,1,{toxic},1
1185,1,0.9670718612476762,0,1,{toxic},1
1186,0,0.004891081628633894,1,0,{non-toxic},1
1187,0,0.05735086698076189,1,0,{non-toxic},1
1188,0,0.05652756040885571,1,0,{non-toxic},1
1189,1,0.8158835497569406,0,1,{toxic},1
1190,1,0.9993858964822256,0,1,{toxic},1
1191,1,0.05785569713502365,1,0,{non-toxic},0
1192,1,0.996164216365342,0,1,{toxic},1
1193,1,0.8706569818492265,0,1,{toxic},1
1194,1,0.9989181944893901,0,1,{toxic},1
1195,0,0.009081113997896913,1,0,{non-toxic},1
1196,0,0.024769673883908393,1,0,{non-toxic},1
1197,1,0.8178551423498833,0,1,{toxic},1
1198,0,0.38805756728870927,1,1,"{non-toxic,toxic}",1
1199,0,0.008079561533222727,1,0,{non-toxic},1
1200,1,0.8629085659632405,0,1,{toxic},1
1201,1,0.9954963387116071,0,1,{toxic},1
1202,1,0.9968414296517463,0,1,{toxic},1
1203,1,0.999083860353962,0,1,{toxic},1
1204,1,0.9991202956612402,0,1,{toxic},1
1205,1,0.9991085024368397,0,1,{toxic},1
1206,0,0.08397227966817346,1,0,{non-toxic},1
1207,0,0.06077359129043293,1,0,{non-toxic},1
1208,1,0.9988290452446861,0,1,{toxic},1
1209,1,0.8281633713779564,0,1,{toxic},1
1210,0,0.011072482419513316,1,0,{non-toxic},1
1211,1,0.9972375619734373,0,1,{toxic},1
1212,1,0.9888268388358512,0,1,{toxic},1
1213,0,0.078153260034227,1,0,{non-toxic},1
1214,1,0.9989470593118976,0,1,{toxic},1
1215,1,0.667504143828562,1,1,"{non-toxic,toxic}",1
1216,1,0.9012868564215002,0,1,{toxic},1
1217,1,0.9887254487524075,0,1,{toxic},1
1218,1,0.8828800676788907,0,1,{toxic},1
1219,1,0.9992979310306953,0,1,{toxic},1
1220,0,0.013340190955841647,1,0,{non-toxic},1
1221,0,0.040867752094330086,1,0,{non-toxic},1
1222,0,0.06652505945434731,1,0,{non-toxic},1
1223,0,0.048889091121829445,1,0,{non-toxic},1
1224,1,0.9984815387430722,0,1,{toxic},1
1225,0,0.04509899916666381,1,0,{non-toxic},1
1226,0,0.41964238840367296,1,1,"{non-toxic,toxic}",1
1227,1,0.33821358021961156,1,1,"{non-toxic,toxic}",1
1228,1,0.9545852632209713,0,1,{toxic},1
1229,0,0.061815769172437515,1,0,{non-toxic},1
1230,1,0.9983500544594341,0,1,{toxic},1
1231,1,0.9677927452483528,0,1,{toxic},1
1232,0,0.15866440730630468,1,0,{non-toxic},1
1233,1,0.9805361688224788,0,1,{toxic},1
1234,1,0.8680625493556445,0,1,{toxic},1
1235,0,0.14126449294245877,1,0,{non-toxic},1
1236,1,0.7918179007738444,0,1,{toxic},1
1237,0,0.005402333850476233,1,0,{non-toxic},1
1238,0,0.006170186617660128,1,0,{non-toxic},1
1239,1,0.7724701536652326,0,1,{toxic},1
1240,0,0.016819115755487855,1,0,{non-toxic},1
1241,0,0.1952914009128035,1,1,"{non-toxic,toxic}",1
1242,0,0.02894190512535531,1,0,{non-toxic},1
1243,0,0.03697394896147291,1,0,{non-toxic},1
1244,1,0.4078173269189547,1,1,"{non-toxic,toxic}",1
1245,1,0.9992244040387764,0,1,{toxic},1
1246,0,0.11066121025994254,1,0,{non-toxic},1
1247,1,0.9992709688700493,0,1,{toxic},1
1248,1,0.9937839506867473,0,1,{toxic},1
1249,1,0.9987755668496708,0,1,{toxic},1
1250,0,0.05585391381150719,1,0,{non-toxic},1
1251,1,0.9991584882404646,0,1,{toxic},1
1252,0,0.03685293146846292,1,0,{non-toxic},1
1253,0,0.8282252483682967,0,1,{toxic},0
1254,0,0.10459167608449575,1,0,{non-toxic},1
1255,1,0.8126448056567567,0,1,{toxic},1
1256,0,0.13418111837971555,1,0,{non-toxic},1
1257,0,0.23393047438465556,1,1,"{non-toxic,toxic}",1
1258,0,0.03283709954173133,1,0,{non-toxic},1
1259,0,0.021705525114310738,1,0,{non-toxic},1
1260,1,0.03978637780957525,1,0,{non-toxic},0
1261,0,0.05644799617054455,1,0,{non-toxic},1
1262,0,0.3569297531029309,1,1,"{non-toxic,toxic}",1
1263,1,0.9993483804924695,0,1,{toxic},1
1264,1,0.9937761948201781,0,1,{toxic},1
1265,0,0.22353167333527588,1,1,"{non-toxic,toxic}",1
1266,0,0.03747755803461989,1,0,{non-toxic},1
1267,0,0.06372090471400954,1,0,{non-toxic},1
1268,1,0.8867371711566776,0,1,{toxic},1
1269,1,0.8481552762015392,0,1,{toxic},1
1270,0,0.15899716407466566,1,0,{non-toxic},1
1271,1,0.9974058937652356,0,1,{toxic},1
1272,1,0.9992711559044438,0,1,{toxic},1
1273,0,0.043142675119680576,1,0,{non-toxic},1
1274,1,0.9988890221988368,0,1,{toxic},1
1275,1,0.9985431166497051,0,1,{toxic},1
1276,1,0.7021946339904118,0,1,{toxic},1
1277,1,0.4007806369623822,1,1,"{non-toxic,toxic}",1
1278,1,0.9992934743386809,0,1,{toxic},1
1279,1,0.8144113081935725,0,1,{toxic},1
1280,0,0.049428270151441446,1,0,{non-toxic},1
1281,1,0.9960338066137154,0,1,{toxic},1
1282,1,0.9992368460992497,0,1,{toxic},1
1283,0,0.06615376863692533,1,0,{non-toxic},1
1284,1,0.9886867388944856,0,1,{toxic},1
1285,1,0.847200806268646,0,1,{toxic},1
1286,1,0.9990003323810741,0,1,{toxic},1
1287,1,0.6231871594400344,1,1,"{non-toxic,toxic}",1
1288,0,0.011784928671652213,1,0,{non-toxic},1
1289,1,0.4283952951516085,1,1,"{non-toxic,toxic}",1
1290,1,0.3076067026853607,1,1,"{non-toxic,toxic}",1
1291,1,0.9514578969749525,0,1,{toxic},1
1292,1,0.9167431265865545,0,1,{toxic},1
1293,1,0.5293225353579329,1,1,"{non-toxic,toxic}",1
1294,0,0.11510549532207223,1,0,{non-toxic},1
1295,0,0.005876498131372277,1,0,{non-toxic},1
1296,0,0.029157879329277606,1,0,{non-toxic},1
1297,1,0.9984028385057298,0,1,{toxic},1
1298,1,0.9274249554540897,0,1,{toxic},1
1299,0,0.06468907140550058,1,0,{non-toxic},1
1300,0,0.0843880661378414,1,0,{non-toxic},1
1301,0,0.08501802192811338,1,0,{non-toxic},1
1302,0,0.041042313742597245,1,0,{non-toxic},1
1303,1,0.9991984645816028,0,1,{toxic},1
1304,1,0.9394396210103315,0,1,{toxic},1
1305,1,0.9992783154581557,0,1,{toxic},1
1306,0,0.08796529861753533,1,0,{non-toxic},1
1307,1,0.8264295127500799,0,1,{toxic},1
1308,0,0.415408341975686,1,1,"{non-toxic,toxic}",1
1309,1,0.9092371134568158,0,1,{toxic},1
1310,0,0.09226641214194957,1,0,{non-toxic},1
1311,1,0.992959372223344,0,1,{toxic},1
1312,0,0.005921774738428063,1,0,{non-toxic},1
1313,1,0.15413734941231813,1,0,{non-toxic},0
1314,0,0.006441692031615635,1,0,{non-toxic},1
1315,1,0.9992277217952035,0,1,{toxic},1
1316,1,0.8421921219576681,0,1,{toxic},1
1317,0,0.3308088915482461,1,1,"{non-toxic,toxic}",1
1318,0,0.023029290598950224,1,0,{non-toxic},1
1319,1,0.6302681202772693,1,1,"{non-toxic,toxic}",1
1320,0,0.05352407057593532,1,0,{non-toxic},1
1321,1,0.2760390877224306,1,1,"{non-toxic,toxic}",1
1322,0,0.055668198453014565,1,0,{non-toxic},1
1323,0,0.10353392269162492,1,0,{non-toxic},1
1324,1,0.9185874845745999,0,1,{toxic},1
1325,0,0.04590531291796016,1,0,{non-toxic},1
1326,0,0.32184229925909763,1,1,"{non-toxic,toxic}",1
1327,1,0.406057428214435,1,1,"{non-toxic,toxic}",1
1328,1,0.7809110802414241,0,1,{toxic},1
1329,1,0.2039185063484977,1,1,"{non-toxic,toxic}",1
1330,1,0.9971870332369129,0,1,{toxic},1
1331,1,0.35322392996875124,1,1,"{non-toxic,toxic}",1
1332,1,0.9372042926725656,0,1,{toxic},1
1333,1,0.99922451974909,0,1,{toxic},1
1334,0,0.006969920489373986,1,0,{non-toxic},1
1335,0,0.6382739117747397,1,1,"{non-toxic,toxic}",1
1336,1,0.9979295745646487,0,1,{toxic},1
1337,1,0.055882669176478314,1,0,{non-toxic},0
1338,1,0.9968256056357815,0,1,{toxic},1
1339,1,0.9985066744677015,0,1,{toxic},1
1340,1,0.8264283670460911,0,1,{toxic},1
1341,1,0.9905832689675208,0,1,{toxic},1
1342,0,0.5384951981140091,1,1,"{non-toxic,toxic}",1
1343,0,0.018139665506661108,1,0,{non-toxic},1
1344,1,0.9973144364745969,0,1,{toxic},1
1345,0,0.09174445184476929,1,0,{non-toxic},1
1346,1,0.9193202521757706,0,1,{toxic},1
1347,1,0.999042136338619,0,1,{toxic},1
1348,1,0.7211714874241371,0,1,{toxic},1
1349,0,0.1626476221348619,1,0,{non-toxic},1
1350,1,0.9983629535163363,0,1,{toxic},1
1351,0,0.17828821162128083,1,0,{non-toxic},1
1352,1,0.9784055854859365,0,1,{toxic},1
1353,0,0.3150378812720031,1,1,"{non-toxic,toxic}",1
1354,1,0.8460855546647063,0,1,{toxic},1
1355,0,0.046902503017751944,1,0,{non-toxic},1
1356,1,0.9944176527064793,0,1,{toxic},1
1357,1,0.9990271459306452,0,1,{toxic},1
1358,0,0.230285286830987,1,1,"{non-toxic,toxic}",1
1359,1,0.9641908527245375,0,1,{toxic},1
1360,1,0.3080516370453341,1,1,"{non-toxic,toxic}",1
1361,1,0.8139428536568376,0,1,{toxic},1
1362,1,0.9993939104912908,0,1,{toxic},1
1363,0,0.021041216441191685,1,0,{non-toxic},1
1364,0,0.02846021457561853,1,0,{non-toxic},1
1365,0,0.1401133382604464,1,0,{non-toxic},1
1366,1,0.9973703564416655,0,1,{toxic},1
1367,0,0.19693278035537282,1,1,"{non-toxic,toxic}",1
1368,0,0.0025959459794300394,1,0,{non-toxic},1
1369,0,0.03360903255570434,1,0,{non-toxic},1
1370,0,0.011223151440944268,1,0,{non-toxic},1
1371,1,0.9973349193453107,0,1,{toxic},1
1372,1,0.9877391991042891,0,1,{toxic},1
1373,1,0.9993279208769517,0,1,{toxic},1
1374,1,0.21180621924749682,1,1,"{non-toxic,toxic}",1
1375,0,0.008884875741695544,1,0,{non-toxic},1
1376,1,0.7595005204695022,0,1,{toxic},1
1377,0,0.3419342603378011,1,1,"{non-toxic,toxic}",1
1378,0,0.06160777108412022,1,0,{non-toxic},1
1379,1,0.9984481901799545,0,1,{toxic},1
1380,0,0.9405878951720663,0,1,{toxic},0
1381,1,0.9499066118711266,0,1,{toxic},1
1382,1,0.9992385900485602,0,1,{toxic},1
1383,0,0.07600411395740092,1,0,{non-toxic},1
1384,0,0.05691401048853491,1,0,{non-toxic},1
1385,1,0.9989756815341468,0,1,{toxic},1
1386,0,0.029138973080838102,1,0,{non-toxic},1
1387,1,0.9994214687064865,0,1,{toxic},1
1388,0,0.08359921993232483,1,0,{non-toxic},1
1389,0,0.00828064087193361,1,0,{non-toxic},1
1390,1,0.9942219205684819,0,1,{toxic},1
1391,1,0.8959626367617717,0,1,{toxic},1
1392,0,0.0072856648603944725,1,0,{non-toxic},1
1393,0,0.0344821860281761,1,0,{non-toxic},1
1394,1,0.7105167159966947,0,1,{toxic},1
1395,0,0.006202113704077844,1,0,{non-toxic},1
1396,1,0.9296048547849735,0,1,{toxic},1
1397,0,0.07295613474580029,1,0,{non-toxic},1
1398,0,0.1946804814328444,1,1,"{non-toxic,toxic}",1
1399,1,0.999131845606662,0,1,{toxic},1
1400,0,0.34538861952943606,1,1,"{non-toxic,toxic}",1
1401,1,0.7739060276401142,0,1,{toxic},1
1402,0,0.03526517633031686,1,0,{non-toxic},1
1403,1,0.8779017712876843,0,1,{toxic},1
1404,1,0.7550773463132882,0,1,{toxic},1
1405,0,0.46366605588906135,1,1,"{non-toxic,toxic}",1
1406,0,0.019963979585108076,1,0,{non-toxic},1
1407,0,0.1425510169487672,1,0,{non-toxic},1
1408,0,0.18491226617772033,1,1,"{non-toxic,toxic}",1
1409,1,0.7558651116602668,0,1,{toxic},1
1410,1,0.3230296209873506,1,1,"{non-toxic,toxic}",1
1411,0,0.04577976627706131,1,0,{non-toxic},1
1412,0,0.03764244173621803,1,0,{non-toxic},1
1413,1,0.9589522493570569,0,1,{toxic},1
1414,1,0.9988750489642266,0,1,{toxic},1
1415,0,0.1435635821212759,1,0,{non-toxic},1
1416,1,0.8490979352303345,0,1,{toxic},1
1417,0,0.03088005484067662,1,0,{non-toxic},1
1418,1,0.9993678842105181,0,1,{toxic},1
1419,0,0.023071678975467417,1,0,{non-toxic},1
1420,1,0.9964968822288283,0,1,{toxic},1
1421,0,0.01763218839790295,1,0,{non-toxic},1
1422,0,0.8379222867687243,0,1,{toxic},0
1423,1,0.9371493075543842,0,1,{toxic},1
1424,1,0.7055612273489618,0,1,{toxic},1
1425,1,0.13158605621205452,1,0,{non-toxic},0
1426,1,0.8576456274603894,0,1,{toxic},1
1427,0,0.05286566426854197,1,0,{non-toxic},1
1428,0,0.07789054520542295,1,0,{non-toxic},1
1429,0,0.04856032432729268,1,0,{non-toxic},1
1430,0,0.061932740960809966,1,0,{non-toxic},1
1431,0,0.0053464628748164005,1,0,{non-toxic},1
1432,0,0.36495903215998166,1,1,"{non-toxic,toxic}",1
1433,0,0.1767205848618247,1,0,{non-toxic},1
1434,0,0.013079696212986413,1,0,{non-toxic},1
1435,1,0.9992317828723919,0,1,{toxic},1
1436,1,0.9086101667499658,0,1,{toxic},1
1437,1,0.9337034991533975,0,1,{toxic},1
1438,1,0.407277976121023,1,1,"{non-toxic,toxic}",1
1439,1,0.8619341031641595,0,1,{toxic},1
1440,1,0.4662197223520436,1,1,"{non-toxic,toxic}",1
1441,0,0.7061261117561057,0,1,{toxic},0
1442,1,0.9757025189415109,0,1,{toxic},1
1443,1,0.9517458531510413,0,1,{toxic},1
1444,0,0.0028158300405139876,1,0,{non-toxic},1
1445,0,0.06216327607952854,1,0,{non-toxic},1
1446,1,0.9387649575046931,0,1,{toxic},1
1447,0,0.05287099137114705,1,0,{non-toxic},1
1448,0,0.006423716390721476,1,0,{non-toxic},1
1449,0,0.17419333618868138,1,0,{non-toxic},1
1450,1,0.9846618391002184,0,1,{toxic},1
1451,1,0.20149834286203497,1,1,"{non-toxic,toxic}",1
1452,1,0.9988840084037842,0,1,{toxic},1
1453,1,0.9835825344189701,0,1,{toxic},1
1454,1,0.9908943664496932,0,1,{toxic},1
1455,1,0.9965024365230585,0,1,{toxic},1
1456,1,0.8481939296724013,0,1,{toxic},1
1457,0,0.025199763879361754,1,0,{non-toxic},1
1458,0,0.021777674751499443,1,0,{non-toxic},1
1459,1,0.9495314769105997,0,1,{toxic},1
1460,0,0.01911207595743336,1,0,{non-toxic},1
1461,0,0.008864028853909368,1,0,{non-toxic},1
1462,0,0.019356437986987877,1,0,{non-toxic},1
1463,0,0.027219461960957522,1,0,{non-toxic},1
1464,1,0.3082390079346864,1,1,"{non-toxic,toxic}",1
1465,1,0.9805571996583956,0,1,{toxic},1
1466,1,0.6694621236106273,1,1,"{non-toxic,toxic}",1
1467,0,0.03072624681463651,1,0,{non-toxic},1
1468,0,0.08880815936551825,1,0,{non-toxic},1
1469,1,0.5248081654874741,1,1,"{non-toxic,toxic}",1
1470,1,0.9988745485078501,0,1,{toxic},1
1471,1,0.9920587152247212,0,1,{toxic},1
1472,1,0.9993731206147549,0,1,{toxic},1
1473,0,0.13890890567644246,1,0,{non-toxic},1
1474,1,0.9937614026811403,0,1,{toxic},1
1475,1,0.9993010457576649,0,1,{toxic},1
1476,0,0.1313821526753416,1,0,{non-toxic},1
1477,0,0.10523377508608706,1,0,{non-toxic},1
1478,0,0.02473434619591225,1,0,{non-toxic},1
1479,0,0.015436319471977171,1,0,{non-toxic},1
1480,0,0.12399550522583025,1,0,{non-toxic},1
1481,0,0.3337190267007754,1,1,"{non-toxic,toxic}",1
1482,0,0.04049270347560447,1,0,{non-toxic},1
1483,0,0.07578226242649527,1,0,{non-toxic},1
1484,0,0.12975812400534814,1,0,{non-toxic},1
1485,0,0.8506383559201639,0,1,{toxic},0
1486,0,0.03841625551508178,1,0,{non-toxic},1
1487,0,0.02312537620156582,1,0,{non-toxic},1
1488,0,0.5693520477434958,1,1,"{non-toxic,toxic}",1
1489,0,0.8636571687885041,0,1,{toxic},0
1490,0,0.0060193366379496195,1,0,{non-toxic},1
1491,0,0.009639755018601284,1,0,{non-toxic},1
1492,1,0.8681505064792661,0,1,{toxic},1
1493,1,0.9992445647299417,0,1,{toxic},1
1494,0,0.028905097752539494,1,0,{non-toxic},1
1495,1,0.9991886014857305,0,1,{toxic},1
1496,0,0.7737498125546037,0,1,{toxic},0
1497,1,0.7982600581882848,0,1,{toxic},1
1498,0,0.0025982465822159354,1,0,{non-toxic},1
1499,1,0.6023867261398295,1,1,"{non-toxic,toxic}",1
1500,1,0.9984320454529457,0,1,{toxic},1
1501,0,0.051562377715009655,1,0,{non-toxic},1
1502,1,0.8801973247572759,0,1,{toxic},1
1503,0,0.006397957997560041,1,0,{non-toxic},1
1504,1,0.21520545466055488,1,1,"{non-toxic,toxic}",1
1505,0,0.6381328359017546,1,1,"{non-toxic,toxic}",1
1506,0,0.839707632624817,0,1,{toxic},0
1507,0,0.016156374033092284,1,0,{non-toxic},1
1508,1,0.998423968158676,0,1,{toxic},1
1509,0,0.06458207500457216,1,0,{non-toxic},1
1510,1,0.39062304144894744,1,1,"{non-toxic,toxic}",1
1511,1,0.9017305071379539,0,1,{toxic},1
1512,1,0.9991682299273041,0,1,{toxic},1
1513,0,0.17345029548182078,1,0,{non-toxic},1
1514,1,0.9983619135095957,0,1,{toxic},1
1515,1,0.9988020315829262,0,1,{toxic},1
1516,0,0.20046655306968988,1,1,"{non-toxic,toxic}",1
1517,1,0.043697115777878076,1,0,{non-toxic},0
1518,0,0.06323475908101871,1,0,{non-toxic},1
1519,0,0.03553155295442227,1,0,{non-toxic},1
1520,0,0.05555514801243329,1,0,{non-toxic},1
1521,1,0.945848177312923,0,1,{toxic},1
1522,1,0.8065640728881854,0,1,{toxic},1
1523,0,0.0939960321630718,1,0,{non-toxic},1
1524,0,0.0478724980566171,1,0,{non-toxic},1
1525,1,0.1429985742532893,1,0,{non-toxic},0
1526,1,0.9682026140488441,0,1,{toxic},1
1527,1,0.9990740780376343,0,1,{toxic},1
1528,1,0.9623682795919832,0,1,{toxic},1
1529,0,0.06859643583892278,1,0,{non-toxic},1
1530,1,0.95822645394185,0,1,{toxic},1
1531,0,0.3361632406739252,1,1,"{non-toxic,toxic}",1
1532,0,0.005562716716019489,1,0,{non-toxic},1
1533,0,0.17926967926714982,1,0,{non-toxic},1
1534,1,0.8275354909316155,0,1,{toxic},1
1535,0,0.2735956280016785,1,1,"{non-toxic,toxic}",1
1536,0,0.06361401878812326,1,0,{non-toxic},1
1537,0,0.24866520294385147,1,1,"{non-toxic,toxic}",1
1538,0,0.00373463425442751,1,0,{non-toxic},1
1539,1,0.998614451396085,0,1,{toxic},1
1540,1,0.9991680609213063,0,1,{toxic},1
1541,0,0.7543490722315046,0,1,{toxic},0
1542,0,0.03211299024953022,1,0,{non-toxic},1
1543,0,0.11220561869847843,1,0,{non-toxic},1
1544,1,0.9845334644947887,0,1,{toxic},1
1545,0,0.016669236077200448,1,0,{non-toxic},1
1546,0,0.0684897195581366,1,0,{non-toxic},1
1547,1,0.6679238860283608,1,1,"{non-toxic,toxic}",1
1548,0,0.3835741750201826,1,1,"{non-toxic,toxic}",1
1549,0,0.02275285944046672,1,0,{non-toxic},1
1550,0,0.035741826516984744,1,0,{non-toxic},1
1551,1,0.9958580948151164,0,1,{toxic},1
1552,1,0.9584195929187023,0,1,{toxic},1
1553,0,0.1290570941981349,1,0,{non-toxic},1
1554,1,0.9941850589327816,0,1,{toxic},1
1555,0,0.054825836575049074,1,0,{non-toxic},1
1556,0,0.028755665607297594,1,0,{non-toxic},1
1557,0,0.038268659207646494,1,0,{non-toxic},1
1558,0,0.08387812734669765,1,0,{non-toxic},1
1559,0,0.10269426108268012,1,0,{non-toxic},1
1560,1,0.9990694764381784,0,1,{toxic},1
1561,1,0.8915457611408102,0,1,{toxic},1
1562,1,0.5377412584298101,1,1,"{non-toxic,toxic}",1
1563,1,0.8633035550301958,0,1,{toxic},1
1564,1,0.5544612199849189,1,1,"{non-toxic,toxic}",1
1565,1,0.9952704581698758,0,1,{toxic},1
1566,1,0.9958431602834978,0,1,{toxic},1
1567,1,0.9988771603552734,0,1,{toxic},1
1568,1,0.7150116908074201,0,1,{toxic},1
1569,1,0.9975342748049176,0,1,{toxic},1
1570,0,0.041969229507506506,1,0,{non-toxic},1
1571,0,0.01410225182234539,1,0,{non-toxic},1
1572,0,0.09343570463804772,1,0,{non-toxic},1
1573,0,0.01733584268772422,1,0,{non-toxic},1
1574,0,0.0344734557644551,1,0,{non-toxic},1
1575,0,0.19917092379918389,1,1,"{non-toxic,toxic}",1
1576,1,0.8608056619999441,0,1,{toxic},1
1577,0,0.8479698569002291,0,1,{toxic},0
1578,1,0.9962630401657281,0,1,{toxic},1
1579,1,0.9270249785241164,0,1,{toxic},1
1580,0,0.049085539530617193,1,0,{non-toxic},1
1581,1,0.9988252787068959,0,1,{toxic},1
1582,0,0.12835800605058462,1,0,{non-toxic},1
1583,0,0.1748089148676989,1,0,{non-toxic},1
1584,0,0.24386799562465628,1,1,"{non-toxic,toxic}",1
1585,0,0.1334008548656907,1,0,{non-toxic},1
1586,1,0.9993851089564446,0,1,{toxic},1
1587,1,0.9980445419999183,0,1,{toxic},1
1588,1,0.8607112877623466,0,1,{toxic},1
1589,0,0.07760711293052469,1,0,{non-toxic},1
1590,0,0.30354467294974,1,1,"{non-toxic,toxic}",1
1591,0,0.04950567863530274,1,0,{non-toxic},1
1592,1,0.854323870824253,0,1,{toxic},1
1593,0,0.004720162109523932,1,0,{non-toxic},1
1594,0,0.050081498554787204,1,0,{non-toxic},1
1595,0,0.2450000811198145,1,1,"{non-toxic,toxic}",1
1596,1,0.9749479534131708,0,1,{toxic},1
1597,0,0.26295904095831724,1,1,"{non-toxic,toxic}",1
1598,0,0.04055475518673813,1,0,{non-toxic},1
1599,1,0.9987661454237045,0,1,{toxic},1
1600,1,0.8003822106886584,0,1,{toxic},1
1601,1,0.8603242808041478,0,1,{toxic},1
1602,1,0.9993956399468802,0,1,{toxic},1
1603,1,0.6072718961820862,1,1,"{non-toxic,toxic}",1
1604,0,0.007768094761152803,1,0,{non-toxic},1
1605,1,0.924099776241118,0,1,{toxic},1
1606,1,0.2636982842798941,1,1,"{non-toxic,toxic}",1
1607,1,0.8260304184994399,0,1,{toxic},1
1608,1,0.8351570209206395,0,1,{toxic},1
1609,0,0.009326753367376553,1,0,{non-toxic},1
1610,0,0.1613345960575841,1,0,{non-toxic},1
1611,0,0.2013342785164376,1,1,"{non-toxic,toxic}",1
1612,0,0.2252175449504646,1,1,"{non-toxic,toxic}",1
1613,1,0.9316789749236931,0,1,{toxic},1
1614,1,0.9980266531241744,0,1,{toxic},1
1615,0,0.019472236034533498,1,0,{non-toxic},1
1616,1,0.9291457495654736,0,1,{toxic},1
1617,0,0.24335787387094443,1,1,"{non-toxic,toxic}",1
1618,1,0.9991094883770043,0,1,{toxic},1
1619,1,0.9992067082851547,0,1,{toxic},1
1620,0,0.04683531310125691,1,0,{non-toxic},1
1621,0,0.16983964026580103,1,0,{non-toxic},1
1622,1,0.9220406938357787,0,1,{toxic},1
1623,0,0.06291405112507943,1,0,{non-toxic},1
1624,1,0.9314713932187104,0,1,{toxic},1
1625,0,0.011593535148972264,1,0,{non-toxic},1
1626,0,0.06144771074698269,1,0,{non-toxic},1
1627,1,0.9965729227951874,0,1,{toxic},1
1628,0,0.291430242734177,1,1,"{non-toxic,toxic}",1
1629,0,0.01779703643973673,1,0,{non-toxic},1
1630,1,0.8938045099777518,0,1,{toxic},1
1631,1,0.13219599045205932,1,0,{non-toxic},0
1632,1,0.99837353170593,0,1,{toxic},1
1633,1,0.9490830748722815,0,1,{toxic},1
1634,0,0.27915118083278795,1,1,"{non-toxic,toxic}",1
1635,1,0.8400263548462048,0,1,{toxic},1
1636,1,0.9992268482016858,0,1,{toxic},1
1637,0,0.02788898912099403,1,0,{non-toxic},1
1638,0,0.04557565659438468,1,0,{non-toxic},1
1639,1,0.9737805081806312,0,1,{toxic},1
1640,0,0.12393914550671571,1,0,{non-toxic},1
1641,0,0.03044668625939159,1,0,{non-toxic},1
1642,1,0.9379188535596722,0,1,{toxic},1
1643,1,0.911116382446209,0,1,{toxic},1
1644,0,0.1381752000456916,1,0,{non-toxic},1
1645,0,0.03146119719702484,1,0,{non-toxic},1
1646,1,0.929352519222169,0,1,{toxic},1
1647,0,0.06018814099456277,1,0,{non-toxic},1
1648,1,0.7642021580900504,0,1,{toxic},1
1649,1,0.9992900182220313,0,1,{toxic},1
1650,1,0.9815287827234735,0,1,{toxic},1
1651,0,0.11192285102242992,1,0,{non-toxic},1
1652,0,0.045931915059662695,1,0,{non-toxic},1
1653,1,0.8279269183514324,0,1,{toxic},1
1654,1,0.9986759079723898,0,1,{toxic},1
1655,0,0.32703655109205987,1,1,"{non-toxic,toxic}",1
1656,1,0.17805531479676126,1,0,{non-toxic},0
1657,1,0.9658757023198015,0,1,{toxic},1
1658,0,0.8155888735037153,0,1,{toxic},0
1659,0,0.12882786472371727,1,0,{non-toxic},1
1660,1,0.9983117011004787,0,1,{toxic},1
1661,1,0.9989252036407096,0,1,{toxic},1
1662,0,0.05567916332183336,1,0,{non-toxic},1
1663,0,0.027487450352698464,1,0,{non-toxic},1
1664,0,0.02074230233824409,1,0,{non-toxic},1
1665,1,0.9948752477723829,0,1,{toxic},1
1666,1,0.9981824333864869,0,1,{toxic},1
1667,1,0.8405435594956572,0,1,{toxic},1
1668,0,0.8209387321343903,0,1,{toxic},0
1669,1,0.997075268182912,0,1,{toxic},1
1670,0,0.06603551316386065,1,0,{non-toxic},1
1671,0,0.014477343698314134,1,0,{non-toxic},1
1672,0,0.07879072687588405,1,0,{non-toxic},1
1673,0,0.22977718466081085,1,1,"{non-toxic,toxic}",1
1674,0,0.04542588875488083,1,0,{non-toxic},1
1675,0,0.04572281586893504,1,0,{non-toxic},1
1676,1,0.9992694444660667,0,1,{toxic},1
1677,0,0.013733585220974802,1,0,{non-toxic},1
1678,0,0.17053858043602838,1,0,{non-toxic},1
1679,0,0.34549361067268547,1,1,"{non-toxic,toxic}",1
1680,1,0.9972626947051837,0,1,{toxic},1
1681,1,0.9970552446969726,0,1,{toxic},1
1682,0,0.033655724247568235,1,0,{non-toxic},1
1683,1,0.9992867081839466,0,1,{toxic},1
1684,1,0.9980018542217247,0,1,{toxic},1
1685,0,0.005987942331870754,1,0,{non-toxic},1
1686,1,0.9984406783607231,0,1,{toxic},1
1687,1,0.9793819608524327,0,1,{toxic},1
1688,0,0.5771944868794606,1,1,"{non-toxic,toxic}",1
1689,1,0.9218172413177613,0,1,{toxic},1
1690,1,0.9909655203821973,0,1,{toxic},1
1691,0,0.07462537533215262,1,0,{non-toxic},1
1692,1,0.9995057498873197,0,1,{toxic},1
1693,1,0.8453138570786609,0,1,{toxic},1
1694,0,0.012215634588608961,1,0,{non-toxic},1
1695,1,0.9955523121724927,0,1,{toxic},1
1696,0,0.03565840843001579,1,0,{non-toxic},1
1697,1,0.354097643064427,1,1,"{non-toxic,toxic}",1
1698,0,0.06270391607685437,1,0,{non-toxic},1
1699,0,0.0414664997215897,1,0,{non-toxic},1
1700,0,0.11402827233883786,1,0,{non-toxic},1
1701,0,0.08192977932590241,1,0,{non-toxic},1
1702,1,0.9337017067364062,0,1,{toxic},1
1703,1,0.9944961022427236,0,1,{toxic},1
1704,1,0.9711067209920307,0,1,{toxic},1
1705,0,0.11423996080904486,1,0,{non-toxic},1
1706,0,0.06814577267869926,1,0,{non-toxic},1
1707,0,0.00916449451482071,1,0,{non-toxic},1
1708,0,0.007213004701367648,1,0,{non-toxic},1
1709,1,0.9983301254968543,0,1,{toxic},1
1710,1,0.9744597884650446,0,1,{toxic},1
1711,1,0.8955361169448274,0,1,{toxic},1
1712,1,0.9991267779672853,0,1,{toxic},1
1713,1,0.998833245361967,0,1,{toxic},1
1714,0,0.05776883088937608,1,0,{non-toxic},1
1715,0,0.050101229825743485,1,0,{non-toxic},1
1716,1,0.5468485642163666,1,1,"{non-toxic,toxic}",1
1717,1,0.05265320125885595,1,0,{non-toxic},0
1718,1,0.9991606118264981,0,1,{toxic},1
1719,1,0.9473969888611382,0,1,{toxic},1
1720,1,0.9986457793865057,0,1,{toxic},1
1721,1,0.9393981086617675,0,1,{toxic},1
1722,0,0.11369578123462368,1,0,{non-toxic},1
1723,0,0.05151213461609998,1,0,{non-toxic},1
1724,1,0.9989490123887026,0,1,{toxic},1
1725,0,0.3236690231181429,1,1,"{non-toxic,toxic}",1
1726,1,0.9133732465757735,0,1,{toxic},1
1727,0,0.05454208403084009,1,0,{non-toxic},1
1728,0,0.0939539436193685,1,0,{non-toxic},1
1729,1,0.9992502149037535,0,1,{toxic},1
1730,1,0.5561865913024607,1,1,"{non-toxic,toxic}",1
1731,0,0.014581434333527703,1,0,{non-toxic},1
1732,0,0.02205267589215429,1,0,{non-toxic},1
1733,1,0.9992162969197971,0,1,{toxic},1
1734,1,0.9781238285154782,0,1,{toxic},1
1735,0,0.04920160276041088,1,0,{non-toxic},1
1736,1,0.9989285471278331,0,1,{toxic},1
1737,0,0.32282064258040266,1,1,"{non-toxic,toxic}",1
1738,0,0.11747904954656234,1,0,{non-toxic},1
1739,0,0.24453514201326126,1,1,"{non-toxic,toxic}",1
1740,0,0.0474474009814321,1,0,{non-toxic},1
1741,1,0.8831042506905571,0,1,{toxic},1
1742,0,0.06988134035679643,1,0,{non-toxic},1
1743,1,0.6997577386406102,0,1,{toxic},1
1744,0,0.004152200406685524,1,0,{non-toxic},1
1745,0,0.1743385355569438,1,0,{non-toxic},1
1746,0,0.3047226339312095,1,1,"{non-toxic,toxic}",1
1747,1,0.9956657353687322,0,1,{toxic},1
1748,1,0.9970726337968688,0,1,{toxic},1
1749,1,0.9987362105147052,0,1,{toxic},1
1750,0,0.5162412945718537,1,1,"{non-toxic,toxic}",1
1751,0,0.07348389002604049,1,0,{non-toxic},1
1752,1,0.9991125188483834,0,1,{toxic},1
1753,0,0.038080941524237126,1,0,{non-toxic},1
1754,0,0.02691929681876276,1,0,{non-toxic},1
1755,1,0.9847751748986636,0,1,{toxic},1
1756,1,0.9993319131135433,0,1,{toxic},1
1757,0,0.2847208738608769,1,1,"{non-toxic,toxic}",1
1758,1,0.7543879083870267,0,1,{toxic},1
1759,0,0.053502554723679575,1,0,{non-toxic},1
1760,1,0.9257088024806388,0,1,{toxic},1
1761,0,0.04076885349620769,1,0,{non-toxic},1
1762,1,0.993195369247992,0,1,{toxic},1
1763,1,0.5090331207243461,1,1,"{non-toxic,toxic}",1
1764,1,0.8456677117892337,0,1,{toxic},1
1765,0,0.7755416206657526,0,1,{toxic},0
1766,0,0.005826813551258943,1,0,{non-toxic},1
1767,0,0.2026975855498669,1,1,"{non-toxic,toxic}",1
1768,1,0.9989741333985075,0,1,{toxic},1
1769,1,0.7203217005094533,0,1,{toxic},1
1770,1,0.862676641959757,0,1,{toxic},1
1771,1,0.7847639127550312,0,1,{toxic},1
1772,1,0.9991156233130423,0,1,{toxic},1
1773,1,0.960638864220194,0,1,{toxic},1
1774,1,0.8000590975657884,0,1,{toxic},1
1775,1,0.670353947916292,1,1,"{non-toxic,toxic}",1
1776,0,0.0686649400913403,1,0,{non-toxic},1
1777,0,0.007647612230562759,1,0,{non-toxic},1
1778,1,0.08207006683531445,1,0,{non-toxic},0
1779,1,0.6179462513120295,1,1,"{non-toxic,toxic}",1
1780,1,0.8751397940675476,0,1,{toxic},1
1781,0,0.14747285083604308,1,0,{non-toxic},1
1782,0,0.06958415038179964,1,0,{non-toxic},1
1783,1,0.8734079964452099,0,1,{toxic},1
1784,0,0.010451002535399288,1,0,{non-toxic},1
1785,1,0.9992198590916148,0,1,{toxic},1
1786,0,0.028265772055413457,1,0,{non-toxic},1
1787,0,0.015877354997656558,1,0,{non-toxic},1
1788,1,0.9792637622803353,0,1,{toxic},1
1789,0,0.035965973205652035,1,0,{non-toxic},1
1790,1,0.8198289427065405,0,1,{toxic},1
1791,1,0.9993008596152391,0,1,{toxic},1
1792,1,0.9935899992724145,0,1,{toxic},1
1793,1,0.3010688101969915,1,1,"{non-toxic,toxic}",1
1794,1,0.9974292692287909,0,1,{toxic},1
1795,1,0.9964415863822171,0,1,{toxic},1
1796,0,0.02486127529826781,1,0,{non-toxic},1
1797,1,0.999298528831786,0,1,{toxic},1
1798,0,0.29343966844678915,1,1,"{non-toxic,toxic}",1
1799,0,0.005230754285993956,1,0,{non-toxic},1
1800,1,0.9992474339875893,0,1,{toxic},1
1801,1,0.9993413120222081,0,1,{toxic},1
1802,0,0.22479631196068503,1,1,"{non-toxic,toxic}",1
1803,0,0.2660242352953958,1,1,"{non-toxic,toxic}",1
1804,1,0.9966276570438587,0,1,{toxic},1
1805,0,0.02484366571527857,1,0,{non-toxic},1
1806,0,0.07878710991388083,1,0,{non-toxic},1
1807,1,0.6075784241106627,1,1,"{non-toxic,toxic}",1
1808,0,0.04452173146478946,1,0,{non-toxic},1
1809,1,0.9979629853574794,0,1,{toxic},1
1810,1,0.9988151182767211,0,1,{toxic},1
1811,0,0.04719249554955742,1,0,{non-toxic},1
1812,0,0.025544741618989328,1,0,{non-toxic},1
1813,0,0.020808276665811663,1,0,{non-toxic},1
1814,1,0.9989180912538196,0,1,{toxic},1
1815,1,0.8055468046014346,0,1,{toxic},1
1816,1,0.5828480086524245,1,1,"{non-toxic,toxic}",1
1817,1,0.9782616783561536,0,1,{toxic},1
1818,1,0.9985274679318135,0,1,{toxic},1
1819,0,0.07058323042279957,1,0,{non-toxic},1
1820,1,0.7690717736186401,0,1,{toxic},1
1821,1,0.8342548367978198,0,1,{toxic},1
1822,1,0.963142960739947,0,1,{toxic},1
1823,1,0.05678682183413728,1,0,{non-toxic},0
1824,1,0.9781245592687181,0,1,{toxic},1
1825,0,0.0075508238988362475,1,0,{non-toxic},1
1826,1,0.3719958366330684,1,1,"{non-toxic,toxic}",1
1827,1,0.9941180472419869,0,1,{toxic},1
1828,1,0.8629286339145714,0,1,{toxic},1
1829,1,0.9361426256084469,0,1,{toxic},1
1830,1,0.972701243244067,0,1,{toxic},1
1831,1,0.964407787566127,0,1,{toxic},1
1832,0,0.1080993106697191,1,0,{non-toxic},1
1833,0,0.06709058717507772,1,0,{non-toxic},1
1834,1,0.8612200053282179,0,1,{toxic},1
1835,0,0.030500432919904417,1,0,{non-toxic},1
1836,1,0.9993053418587572,0,1,{toxic},1
1837,0,0.0061179724856075535,1,0,{non-toxic},1
1838,0,0.20066485047149543,1,1,"{non-toxic,toxic}",1
1839,0,0.06375956002922992,1,0,{non-toxic},1
1840,1,0.8958446084927375,0,1,{toxic},1
1841,0,0.05214506807190213,1,0,{non-toxic},1
1842,1,0.15167560186561732,1,0,{non-toxic},0
1843,1,0.9773650365205282,0,1,{toxic},1
1844,0,0.0344289036170964,1,0,{non-toxic},1
1845,1,0.9543552290478408,0,1,{toxic},1
1846,0,0.07842668014479698,1,0,{non-toxic},1
1847,1,0.999165410637873,0,1,{toxic},1
1848,0,0.1782230891898886,1,0,{non-toxic},1
1849,1,0.9988831109435181,0,1,{toxic},1
1850,0,0.00797254501979187,1,0,{non-toxic},1
1851,1,0.9954090470426901,0,1,{toxic},1
1852,0,0.7044060308285656,0,1,{toxic},0
1853,1,0.9986579186149989,0,1,{toxic},1
1854,1,0.9986794627303036,0,1,{toxic},1
1855,0,0.19971227896655175,1,1,"{non-toxic,toxic}",1
1856,0,0.015663910945390238,1,0,{non-toxic},1
1857,1,0.9840110653248834,0,1,{toxic},1
1858,1,0.9946354640984472,0,1,{toxic},1
1859,0,0.10203417315887751,1,0,{non-toxic},1
1860,0,0.473480015897774,1,1,"{non-toxic,toxic}",1
1861,0,0.008572220130658254,1,0,{non-toxic},1
1862,1,0.9562382176448623,0,1,{toxic},1
1863,1,0.9926266668043778,0,1,{toxic},1
1864,1,0.9992711559044438,0,1,{toxic},1
1865,1,0.9992121761472113,0,1,{toxic},1
1866,0,0.05119107742603007,1,0,{non-toxic},1
1867,1,0.9512061393387365,0,1,{toxic},1
1868,1,0.9371405696614473,0,1,{toxic},1
1869,0,0.04161090515112518,1,0,{non-toxic},1
1870,1,0.9882430140885172,0,1,{toxic},1
1871,1,0.8609747826023092,0,1,{toxic},1
1872,1,0.9988091458762526,0,1,{toxic},1
1873,1,0.9839889376415439,0,1,{toxic},1
1874,0,0.043213897081348214,1,0,{non-toxic},1
1875,0,0.005813913522299738,1,0,{non-toxic},1
1876,0,0.011940268395308309,1,0,{non-toxic},1
1877,0,0.0059473982665111174,1,0,{non-toxic},1
1878,0,0.05696416847929802,1,0,{non-toxic},1
1879,1,0.9821534753017104,0,1,{toxic},1
1880,0,0.023993048891249147,1,0,{non-toxic},1
1881,1,0.9556264091306228,0,1,{toxic},1
1882,1,0.8181460191824073,0,1,{toxic},1
1883,1,0.9993263911765176,0,1,{toxic},1
1884,0,0.04333915859554731,1,0,{non-toxic},1
1885,0,0.002477003512462296,1,0,{non-toxic},1
1886,1,0.9961086142487672,0,1,{toxic},1
1887,0,0.7758826080001509,0,1,{toxic},0
1888,1,0.9993602563586246,0,1,{toxic},1
1889,0,0.9800440949925063,0,1,{toxic},0
1890,1,0.9155744124507469,0,1,{toxic},1
1891,0,0.04759458382478049,1,0,{non-toxic},1
1892,1,0.9100669662106041,0,1,{toxic},1
1893,0,0.6492826396828377,1,1,"{non-toxic,toxic}",1
1894,0,0.142422143933697,1,0,{non-toxic},1
1895,1,0.9993365738738457,0,1,{toxic},1
1896,0,0.35656946655968247,1,1,"{non-toxic,toxic}",1
1897,0,0.05440536587974841,1,0,{non-toxic},1
1898,1,0.11964119307155713,1,0,{non-toxic},0
1899,0,0.059219501462820075,1,0,{non-toxic},1
1900,1,0.9572178545142281,0,1,{toxic},1
1901,0,0.027820918354109412,1,0,{non-toxic},1
1902,1,0.9986246106020022,0,1,{toxic},1
1903,0,0.009454076389754875,1,0,{non-toxic},1
1904,1,0.7967932713939164,0,1,{toxic},1
1905,1,0.9992368460992497,0,1,{toxic},1
1906,0,0.04375275480509168,1,0,{non-toxic},1
1907,0,0.5920289164538727,1,1,"{non-toxic,toxic}",1
1908,1,0.9931436553421733,0,1,{toxic},1
1909,0,0.7421658226310702,0,1,{toxic},0
1910,0,0.06045443805498054,1,0,{non-toxic},1
1911,1,0.2548650535908795,1,1,"{non-toxic,toxic}",1
1912,1,0.5471092416223858,1,1,"{non-toxic,toxic}",1
1913,0,0.03626407307858887,1,0,{non-toxic},1
1914,1,0.9959326110338235,0,1,{toxic},1
1915,1,0.8150434583076833,0,1,{toxic},1
1916,0,0.05272433646280271,1,0,{non-toxic},1
1917,1,0.8811263244072784,0,1,{toxic},1
1918,0,0.008043587532747648,1,0,{non-toxic},1
1919,0,0.3506432906897164,1,1,"{non-toxic,toxic}",1
1920,0,0.011061169640919587,1,0,{non-toxic},1
1921,1,0.998786885374247,0,1,{toxic},1
1922,1,0.683896034137007,0,1,{toxic},1
1923,1,0.9994258509004739,0,1,{toxic},1
1924,0,0.0359355920782016,1,0,{non-toxic},1
1925,0,0.05210355293200949,1,0,{non-toxic},1
1926,0,0.37303565180102954,1,1,"{non-toxic,toxic}",1
1927,0,0.14017605513715348,1,0,{non-toxic},1
1928,0,0.038322054428755845,1,0,{non-toxic},1
1929,0,0.08365442471711282,1,0,{non-toxic},1
1930,0,0.2099943570075053,1,1,"{non-toxic,toxic}",1
1931,0,0.004942110671267313,1,0,{non-toxic},1
1932,0,0.2058919173642757,1,1,"{non-toxic,toxic}",1
1933,1,0.9844155271616157,0,1,{toxic},1
1934,0,0.09753827179490666,1,0,{non-toxic},1
1935,1,0.9993594687604491,0,1,{toxic},1
1936,0,0.047821012462155074,1,0,{non-toxic},1
1937,1,0.9252606405528081,0,1,{toxic},1
1938,0,0.05080944096601228,1,0,{non-toxic},1
1939,0,0.17899916906049143,1,0,{non-toxic},1
1940,1,0.6737946533658417,0,1,{toxic},1
1941,0,0.6155380713002364,1,1,"{non-toxic,toxic}",1
1942,0,0.10886726165100667,1,0,{non-toxic},1
1943,1,0.8055834157364714,0,1,{toxic},1
1944,0,0.008945196138312718,1,0,{non-toxic},1
1945,1,0.9947092302291171,0,1,{toxic},1
1946,0,0.3258476519769712,1,1,"{non-toxic,toxic}",1
1947,1,0.9928531375419996,0,1,{toxic},1
1948,1,0.9993804521172841,0,1,{toxic},1
1949,0,0.1647119045307372,1,0,{non-toxic},1
1950,1,0.9984635760319378,0,1,{toxic},1
1951,0,0.25464285937961373,1,1,"{non-toxic,toxic}",1
1952,0,0.01755114707418113,1,0,{non-toxic},1
1953,0,0.04780855292970953,1,0,{non-toxic},1
1954,0,0.01339932265898092,1,0,{non-toxic},1
1955,1,0.036851004984241494,1,0,{non-toxic},0
1956,0,0.12288082753814042,1,0,{non-toxic},1
1957,0,0.04465694352303541,1,0,{non-toxic},1
1958,0,0.12890895733794852,1,0,{non-toxic},1
1959,1,0.9736992918592677,0,1,{toxic},1
1960,1,0.9991453989405491,0,1,{toxic},1
1961,0,0.019164879078769893,1,0,{non-toxic},1
1962,0,0.05803260583634041,1,0,{non-toxic},1
1963,0,0.05025511701476685,1,0,{non-toxic},1
1964,1,0.9643090042839993,0,1,{toxic},1
1965,1,0.8061561107225558,0,1,{toxic},1
1966,1,0.956572474552231,0,1,{toxic},1
1967,0,0.2174475107640928,1,1,"{non-toxic,toxic}",1
1968,1,0.5602515604224495,1,1,"{non-toxic,toxic}",1
1969,0,0.058852033656250774,1,0,{non-toxic},1
1970,0,0.048354853677648316,1,0,{non-toxic},1
1971,0,0.03929544400260818,1,0,{non-toxic},1
1972,0,0.06167580738270403,1,0,{non-toxic},1
1973,1,0.975064387283763,0,1,{toxic},1
1974,1,0.5637226165433342,1,1,"{non-toxic,toxic}",1
1975,0,0.03695033014757181,1,0,{non-toxic},1
1976,1,0.899990311922759,0,1,{toxic},1
1977,1,0.934353884336435,0,1,{toxic},1
1978,0,0.17758835863813646,1,0,{non-toxic},1
1979,1,0.9991544132835952,0,1,{toxic},1
1980,0,0.06685302974419795,1,0,{non-toxic},1
1981,1,0.9991620492568619,0,1,{toxic},1
1982,0,0.011498857102336252,1,0,{non-toxic},1
1983,1,0.2626432688733188,1,1,"{non-toxic,toxic}",1
1984,0,0.04045467470731277,1,0,{non-toxic},1
1985,0,0.6846929277363228,0,1,{toxic},0
1986,1,0.5740358078208696,1,1,"{non-toxic,toxic}",1
1987,1,0.991665151955636,0,1,{toxic},1
1988,0,0.004830851558374269,1,0,{non-toxic},1
1989,0,0.5926815959055909,1,1,"{non-toxic,toxic}",1
1990,1,0.8924464764653911,0,1,{toxic},1
1991,0,0.024179052075075726,1,0,{non-toxic},1
1992,0,0.032427356786698315,1,0,{non-toxic},1
1993,0,0.22295349765332165,1,1,"{non-toxic,toxic}",1
1994,1,0.9993817596635295,0,1,{toxic},1
1995,0,0.005164793562179536,1,0,{non-toxic},1
1996,1,0.99638949512312,0,1,{toxic},1
1997,0,0.018348520296838707,1,0,{non-toxic},1
1998,0,0.008406894403257145,1,0,{non-toxic},1
1999,1,0.9974449939041,0,1,{toxic},1
2000,1,0.7604350500118501,0,1,{toxic},1
2001,0,0.1344950752447405,1,0,{non-toxic},1
2002,1,0.7832522776083073,0,1,{toxic},1
2003,0,0.016369530363471663,1,0,{non-toxic},1
2004,0,0.06838036994983182,1,0,{non-toxic},1
2005,1,0.8438802276558389,0,1,{toxic},1
2006,1,0.9925320430302695,0,1,{toxic},1
2007,0,0.5018476431745492,1,1,"{non-toxic,toxic}",1
2008,0,0.06582789649337749,1,0,{non-toxic},1
2009,0,0.01024979911390042,1,0,{non-toxic},1
2010,0,0.2734987262788218,1,1,"{non-toxic,toxic}",1
2011,1,0.9973462731982882,0,1,{toxic},1
2012,0,0.2752851129358928,1,1,"{non-toxic,toxic}",1
2013,0,0.05317861294751436,1,0,{non-toxic},1
2014,0,0.07614219587466241,1,0,{non-toxic},1
2015,1,0.631457929709016,1,1,"{non-toxic,toxic}",1
2016,0,0.0711586646282891,1,0,{non-toxic},1
2017,1,0.8720795269878313,0,1,{toxic},1
2018,0,0.4299524619022894,1,1,"{non-toxic,toxic}",1
2019,1,0.9965313125941117,0,1,{toxic},1
2020,0,0.04932594278648787,1,0,{non-toxic},1
2021,0,0.28227676135900504,1,1,"{non-toxic,toxic}",1
2022,1,0.737450242690156,0,1,{toxic},1
2023,0,0.05388778522220449,1,0,{non-toxic},1
2024,1,0.9990943250535738,0,1,{toxic},1
2025,0,0.025983149236405514,1,0,{non-toxic},1
2026,0,0.517030622849649,1,1,"{non-toxic,toxic}",1
2027,1,0.6334552190310323,1,1,"{non-toxic,toxic}",1
2028,1,0.9980835165504744,0,1,{toxic},1
2029,1,0.9342560747877883,0,1,{toxic},1
2030,0,0.0072300759473508695,1,0,{non-toxic},1
2031,0,0.08082140051940066,1,0,{non-toxic},1
2032,1,0.9903578859000541,0,1,{toxic},1
2033,1,0.9966440887137387,0,1,{toxic},1
2034,0,0.3766506715990029,1,1,"{non-toxic,toxic}",1
2035,1,0.5513548809909422,1,1,"{non-toxic,toxic}",1
2036,0,0.008572555274202366,1,0,{non-toxic},1
2037,1,0.051152359899140326,1,0,{non-toxic},0
2038,1,0.9986250902264338,0,1,{toxic},1
2039,1,0.9975254889865118,0,1,{toxic},1
2040,1,0.7787229483989414,0,1,{toxic},1
2041,1,0.9988831259306724,0,1,{toxic},1
2042,0,0.021907301388117067,1,0,{non-toxic},1
2043,1,0.9570683563523009,0,1,{toxic},1
2044,0,0.0665292609700429,1,0,{non-toxic},1
2045,1,0.9498282733533843,0,1,{toxic},1
2046,1,0.9991054491965523,0,1,{toxic},1
2047,0,0.771263531332529,0,1,{toxic},0
2048,0,0.1482248720508008,1,0,{non-toxic},1
2049,0,0.04658559949484528,1,0,{non-toxic},1
2050,0,0.09803200265742501,1,0,{non-toxic},1
2051,0,0.7903812625414108,0,1,{toxic},0
2052,0,0.03726090621591546,1,0,{non-toxic},1
2053,0,0.08378443233799435,1,0,{non-toxic},1
2054,0,0.06282322414779828,1,0,{non-toxic},1
2055,1,0.9939463411168764,0,1,{toxic},1
2056,0,0.3313467285409772,1,1,"{non-toxic,toxic}",1
2057,1,0.9987090343519364,0,1,{toxic},1
2058,1,0.9975030022176347,0,1,{toxic},1
2059,1,0.9390820976724854,0,1,{toxic},1
2060,0,0.014033618335061624,1,0,{non-toxic},1
2061,0,0.04258154622355318,1,0,{non-toxic},1
2062,0,0.007256581056656435,1,0,{non-toxic},1
2063,0,0.014479204557375327,1,0,{non-toxic},1
2064,0,0.012249827379278476,1,0,{non-toxic},1
2065,0,0.0170258781858563,1,0,{non-toxic},1
2066,0,0.1177731996313478,1,0,{non-toxic},1
2067,0,0.16376113780201232,1,0,{non-toxic},1
2068,0,0.9846773847503698,0,1,{toxic},0
2069,1,0.9200997237242684,0,1,{toxic},1
2070,1,0.9780023098068736,0,1,{toxic},1
2071,0,0.06876428795528569,1,0,{non-toxic},1
2072,1,0.9979168299083222,0,1,{toxic},1
2073,1,0.9987075751023633,0,1,{toxic},1
2074,0,0.041712861598918835,1,0,{non-toxic},1
2075,0,0.2857544068722937,1,1,"{non-toxic,toxic}",1
2076,1,0.7302988694645908,0,1,{toxic},1
2077,0,0.03628145997294008,1,0,{non-toxic},1
2078,0,0.008221356299923302,1,0,{non-toxic},1
2079,1,0.9583372095343319,0,1,{toxic},1
2080,0,0.0704611107756536,1,0,{non-toxic},1
2081,0,0.03192759116089584,1,0,{non-toxic},1
2082,0,0.04089277415894182,1,0,{non-toxic},1
2083,0,0.06939108182935382,1,0,{non-toxic},1
2084,0,0.005220322837689279,1,0,{non-toxic},1
2085,0,0.8637014440361015,0,1,{toxic},0
2086,0,0.06582972672883429,1,0,{non-toxic},1
2087,0,0.037855314888932075,1,0,{non-toxic},1
2088,0,0.1896116497603978,1,1,"{non-toxic,toxic}",1
2089,0,0.2596556981304648,1,1,"{non-toxic,toxic}",1
2090,0,0.009599966114371786,1,0,{non-toxic},1
2091,1,0.8379251078487684,0,1,{toxic},1
2092,1,0.9939785781981079,0,1,{toxic},1
2093,0,0.02889327600607928,1,0,{non-toxic},1
2094,0,0.7004415345591636,0,1,{toxic},0
2095,0,0.03875492671472167,1,0,{non-toxic},1
2096,0,0.17224132615395216,1,0,{non-toxic},1
2097,1,0.830698207108969,0,1,{toxic},1
2098,1,0.9983585087305855,0,1,{toxic},1
2099,0,0.014275208774620188,1,0,{non-toxic},1
2100,0,0.11433423420528604,1,0,{non-toxic},1
2101,0,0.12877451969769707,1,0,{non-toxic},1
2102,1,0.9993918191362292,0,1,{toxic},1
2103,1,0.9991638539412889,0,1,{toxic},1
2104,1,0.8721382581952795,0,1,{toxic},1
2105,1,0.8128678150105845,0,1,{toxic},1
2106,0,0.056824603119252755,1,0,{non-toxic},1
2107,0,0.008579307140137776,1,0,{non-toxic},1
2108,1,0.9426572746967289,0,1,{toxic},1
2109,1,0.9991687881196338,0,1,{toxic},1
2110,1,0.9942686528565677,0,1,{toxic},1
2111,1,0.9942202263864494,0,1,{toxic},1
2112,1,0.998496952643687,0,1,{toxic},1
2113,0,0.2028664857849934,1,1,"{non-toxic,toxic}",1
2114,1,0.8104519624666252,0,1,{toxic},1
2115,0,0.3680862395631044,1,1,"{non-toxic,toxic}",1
2116,1,0.08195545518278916,1,0,{non-toxic},0
2117,0,0.04093815835540816,1,0,{non-toxic},1
2118,0,0.006592273922444218,1,0,{non-toxic},1
2119,1,0.9962815604876023,0,1,{toxic},1
2120,0,0.04262400674537247,1,0,{non-toxic},1
2121,1,0.999042789396596,0,1,{toxic},1
2122,1,0.9956400049890066,0,1,{toxic},1
2123,0,0.007368164564624759,1,0,{non-toxic},1
2124,1,0.9520627341844214,0,1,{toxic},1
2125,0,0.23112837037446915,1,1,"{non-toxic,toxic}",1
2126,0,0.2876417313497125,1,1,"{non-toxic,toxic}",1
2127,1,0.9827796754822105,0,1,{toxic},1
2128,1,0.19317616208497837,1,1,"{non-toxic,toxic}",1
2129,0,0.06329401494704076,1,0,{non-toxic},1
2130,1,0.9961554148106635,0,1,{toxic},1
2131,0,0.13326749127416412,1,0,{non-toxic},1
2132,0,0.06803134205549652,1,0,{non-toxic},1
2133,0,0.04974600845438394,1,0,{non-toxic},1
2134,0,0.5973772945073945,1,1,"{non-toxic,toxic}",1
2135,0,0.3450452160293,1,1,"{non-toxic,toxic}",1
2136,0,0.05970329471764531,1,0,{non-toxic},1
2137,1,0.9991990851945199,0,1,{toxic},1
2138,0,0.020004106281433617,1,0,{non-toxic},1
2139,0,0.46213204379255735,1,1,"{non-toxic,toxic}",1
2140,1,0.21095381184172457,1,1,"{non-toxic,toxic}",1
2141,1,0.999280557248561,0,1,{toxic},1
2142,1,0.9990825257684843,0,1,{toxic},1
2143,1,0.9975936569075723,0,1,{toxic},1
2144,1,0.9988858089079221,0,1,{toxic},1
2145,1,0.8451586213537381,0,1,{toxic},1
2146,1,0.9912882768684739,0,1,{toxic},1
2147,1,0.9989190707451795,0,1,{toxic},1
2148,0,0.07238426915967273,1,0,{non-toxic},1
2149,1,0.8940699605143371,0,1,{toxic},1
2150,1,0.9508379699633288,0,1,{toxic},1
2151,1,0.8835191131544283,0,1,{toxic},1
2152,0,0.5733844148241718,1,1,"{non-toxic,toxic}",1
2153,1,0.9289727174155873,0,1,{toxic},1
2154,1,0.9993397347901443,0,1,{toxic},1
2155,0,0.04064392232765157,1,0,{non-toxic},1
2156,1,0.9922390095318557,0,1,{toxic},1
2157,0,0.9208810829173917,0,1,{toxic},0
2158,0,0.27466973307476467,1,1,"{non-toxic,toxic}",1
2159,1,0.9985897867560872,0,1,{toxic},1
2160,0,0.10573653581644524,1,0,{non-toxic},1
2161,0,0.8420173496019356,0,1,{toxic},0
2162,1,0.9990772937834912,0,1,{toxic},1
2163,1,0.9960949121713073,0,1,{toxic},1
2164,0,0.09556864958762375,1,0,{non-toxic},1
2165,0,0.32987123274773494,1,1,"{non-toxic,toxic}",1
2166,0,0.5834774726239105,1,1,"{non-toxic,toxic}",1
2167,0,0.047887070789254686,1,0,{non-toxic},1
2168,0,0.006134110371757235,1,0,{non-toxic},1
2169,1,0.9466703882279932,0,1,{toxic},1
2170,0,0.03078201695135991,1,0,{non-toxic},1
2171,1,0.98547628737842,0,1,{toxic},1
2172,0,0.005690494390183523,1,0,{non-toxic},1
2173,0,0.18412740220322765,1,1,"{non-toxic,toxic}",1
2174,1,0.6933375269334104,0,1,{toxic},1
2175,0,0.03495500158516218,1,0,{non-toxic},1
2176,0,0.07094727098836201,1,0,{non-toxic},1
2177,0,0.011433991231772932,1,0,{non-toxic},1
2178,1,0.7779898305658215,0,1,{toxic},1
2179,1,0.9988766825807638,0,1,{toxic},1
2180,0,0.010217500930350629,1,0,{non-toxic},1
2181,1,0.8341604971789138,0,1,{toxic},1
2182,0,0.004395212111295816,1,0,{non-toxic},1
2183,1,0.998696250531293,0,1,{toxic},1
2184,1,0.8552602883778462,0,1,{toxic},1
2185,1,0.995522876173475,0,1,{toxic},1
2186,1,0.9747278684404914,0,1,{toxic},1
2187,1,0.6508706734403893,1,1,"{non-toxic,toxic}",1
2188,0,0.06209333767493241,1,0,{non-toxic},1
2189,1,0.9984818830021782,0,1,{toxic},1
2190,0,0.15833278659417638,1,0,{non-toxic},1
2191,0,0.26535768424716455,1,1,"{non-toxic,toxic}",1
2192,1,0.18906692767038472,1,1,"{non-toxic,toxic}",1
2193,0,0.10359964010561204,1,0,{non-toxic},1
2194,1,0.9993014229453666,0,1,{toxic},1
2195,0,0.05459568812610838,1,0,{non-toxic},1
2196,0,0.14082306725284938,1,0,{non-toxic},1
2197,1,0.8760999283316434,0,1,{toxic},1
2198,0,0.03170171166870884,1,0,{non-toxic},1
2199,1,0.9443687353260379,0,1,{toxic},1
2200,0,0.10473339013183147,1,0,{non-toxic},1
2201,0,0.036486746141025844,1,0,{non-toxic},1
2202,1,0.7494621090369091,0,1,{toxic},1
2203,0,0.15466773063235895,1,0,{non-toxic},1
2204,0,0.22135201173551936,1,1,"{non-toxic,toxic}",1
2205,1,0.7814752023235138,0,1,{toxic},1
