bin_lo,bin_hi,n,mean_pred,frac_positive
0.0,0.1,728,0.043549012282651324,0.03296703296703297
0.1,0.2,152,0.11999536313983832,0.07894736842105263
0.2,0.30000000000000004,60,0.22829316179699805,0.18333333333333332
0.30000000000000004,0.4,56,0.32913777440078945,0.16071428571428573
0.4,0.5,160,0.4375041050801804,0.43125
0.5,0.6000000000000001,9,0.5429292929292928,0.7777777777777778
0.6000000000000001,0.7000000000000001,73,0.6345036344201218,0.6301369863013698
0.7000000000000001,0.8,29,0.7368421052631576,0.8275862068965517
0.8,0.9,160,0.8376783544538995,0.8625
0.9,1.0,779,0.976968705223835,0.9794608472400513
