Motif,p_value,p_corrected,significant
AGA,8.301429503437151e-41,1.801410202245862e-38,True
AKK,1.6669537167942712e-32,3.617289565443568e-30,True
RPR,2.6671259499913812e-24,5.787663311481297e-22,True
ACC,2.6671259499913812e-24,5.787663311481297e-22,True
RCC,2.6671259499913812e-24,5.787663311481297e-22,True
APA,3.187799946657476e-16,6.917525884246722e-14,True
ARC,3.187799946657476e-16,6.917525884246722e-14,True
RGA,3.187799946657476e-16,6.917525884246722e-14,True
ALK,3.187799946657476e-16,6.917525884246722e-14,True
RPP,3.187799946657476e-16,6.917525884246722e-14,True
RSG,3.187799946657476e-16,6.917525884246722e-14,True
ANN,3.187799946657476e-16,6.917525884246722e-14,True
FSS,3.187799946657476e-16,6.917525884246722e-14,True
FKC,3.187799946657476e-16,6.917525884246722e-14,True
FCD,3.187799946657476e-16,6.917525884246722e-14,True
EEC,3.187799946657476e-16,6.917525884246722e-14,True
ATC,3.187799946657476e-16,6.917525884246722e-14,True
FGA,3.187799946657476e-16,6.917525884246722e-14,True
ATR,3.187799946657476e-16,6.917525884246722e-14,True
ACN,3.187799946657476e-16,6.917525884246722e-14,True
DCL,3.187799946657476e-16,6.917525884246722e-14,True
AAG,3.187799946657476e-16,6.917525884246722e-14,True
AFR,3.187799946657476e-16,6.917525884246722e-14,True
ACK,3.187799946657476e-16,6.917525884246722e-14,True
ANQ,2.5299999681220002e-08,5.4900999308247404e-06,True
FIN,2.5299999681220002e-08,5.4900999308247404e-06,True
FSA,2.5299999681220002e-08,5.4900999308247404e-06,True
AKD,2.5299999681220002e-08,5.4900999308247404e-06,True
PGK,2.5299999681220002e-08,5.4900999308247404e-06,True
AGN,2.5299999681220002e-08,5.4900999308247404e-06,True
VCG,2.5299999681220002e-08,5.4900999308247404e-06,True
ECP,2.5299999681220002e-08,5.4900999308247404e-06,True
RAE,2.5299999681220002e-08,5.4900999308247404e-06,True
FAN,2.5299999681220002e-08,5.4900999308247404e-06,True
FNS,2.5299999681220002e-08,5.4900999308247404e-06,True
VNS,2.5299999681220002e-08,5.4900999308247404e-06,True
RCL,2.5299999681220002e-08,5.4900999308247404e-06,True
DSE,2.5299999681220002e-08,5.4900999308247404e-06,True
PPL,2.5299999681220002e-08,5.4900999308247404e-06,True
PDS,2.5299999681220002e-08,5.4900999308247404e-06,True
GEE,2.5299999681220002e-08,5.4900999308247404e-06,True
RKG,2.5299999681220002e-08,5.4900999308247404e-06,True
RRQ,2.5299999681220002e-08,5.4900999308247404e-06,True
FWG,2.5299999681220002e-08,5.4900999308247404e-06,True
RLQ,2.5299999681220002e-08,5.4900999308247404e-06,True
AIP,2.5299999681220002e-08,5.4900999308247404e-06,True
PLT,2.5299999681220002e-08,5.4900999308247404e-06,True
FTY,2.5299999681220002e-08,5.4900999308247404e-06,True
VCC,2.5299999681220002e-08,5.4900999308247404e-06,True
FRL,2.5299999681220002e-08,5.4900999308247404e-06,True
PNM,2.5299999681220002e-08,5.4900999308247404e-06,True
DYR,2.5299999681220002e-08,5.4900999308247404e-06,True
FPI,2.5299999681220002e-08,5.4900999308247404e-06,True
RAN,2.5299999681220002e-08,5.4900999308247404e-06,True
ADC,2.5299999681220002e-08,5.4900999308247404e-06,True
AGR,2.5299999681220002e-08,5.4900999308247404e-06,True
RWP,2.5299999681220002e-08,5.4900999308247404e-06,True
FWT,2.5299999681220002e-08,5.4900999308247404e-06,True
AAC,2.5299999681220002e-08,5.4900999308247404e-06,True
DSC,2.5299999681220002e-08,5.4900999308247404e-06,True
VDS,2.5299999681220002e-08,5.4900999308247404e-06,True
PCP,2.5299999681220002e-08,5.4900999308247404e-06,True
FFP,2.5299999681220002e-08,5.4900999308247404e-06,True
EEG,2.5299999681220002e-08,5.4900999308247404e-06,True
DEC,2.5299999681220002e-08,5.4900999308247404e-06,True
ESC,2.5299999681220002e-08,5.4900999308247404e-06,True
PRC,2.5299999681220002e-08,5.4900999308247404e-06,True
ANL,2.5299999681220002e-08,5.4900999308247404e-06,True
AAD,2.5299999681220002e-08,5.4900999308247404e-06,True
AKY,2.5299999681220002e-08,5.4900999308247404e-06,True
RHY,2.5299999681220002e-08,5.4900999308247404e-06,True
GPE,2.5299999681220002e-08,5.4900999308247404e-06,True
DKP,2.5299999681220002e-08,5.4900999308247404e-06,True
VDK,2.5299999681220002e-08,5.4900999308247404e-06,True
PEC,2.5299999681220002e-08,5.4900999308247404e-06,True
FPK,2.5299999681220002e-08,5.4900999308247404e-06,True
RCR,2.5299999681220002e-08,5.4900999308247404e-06,True
ELL,2.5299999681220002e-08,5.4900999308247404e-06,True
RRN,2.5299999681220002e-08,5.4900999308247404e-06,True
AMG,2.5299999681220002e-08,5.4900999308247404e-06,True
KPC,2.5299999681220002e-08,5.4900999308247404e-06,True
RLY,2.5299999681220002e-08,5.4900999308247404e-06,True
DPR,2.5299999681220002e-08,5.4900999308247404e-06,True
RCS,2.5299999681220002e-08,5.4900999308247404e-06,True
GTP,2.5299999681220002e-08,5.4900999308247404e-06,True
DDE,2.5299999681220002e-08,5.4900999308247404e-06,True
KDL,2.5299999681220002e-08,5.4900999308247404e-06,True
AEI,2.5299999681220002e-08,5.4900999308247404e-06,True
RNP,2.5299999681220002e-08,5.4900999308247404e-06,True
RCA,2.5299999681220002e-08,5.4900999308247404e-06,True
ASI,2.5299999681220002e-08,5.4900999308247404e-06,True
RNH,2.5299999681220002e-08,5.4900999308247404e-06,True
ACR,2.5299999681220002e-08,5.4900999308247404e-06,True
AAN,2.5299999681220002e-08,5.4900999308247404e-06,True
AYC,2.5299999681220002e-08,5.4900999308247404e-06,True
DLW,2.5299999681220002e-08,5.4900999308247404e-06,True
FCK,2.5299999681220002e-08,5.4900999308247404e-06,True
KCC,2.5299999681220002e-08,5.4900999308247404e-06,True
RET,2.5299999681220002e-08,5.4900999308247404e-06,True
FKA,2.5299999681220002e-08,5.4900999308247404e-06,True
PPN,2.5299999681220002e-08,5.4900999308247404e-06,True
RLI,2.5299999681220002e-08,5.4900999308247404e-06,True
FRE,2.5299999681220002e-08,5.4900999308247404e-06,True
ADV,2.5299999681220002e-08,5.4900999308247404e-06,True
GNE,2.5299999681220002e-08,5.4900999308247404e-06,True
FGE,2.5299999681220002e-08,5.4900999308247404e-06,True
RAI,2.5299999681220002e-08,5.4900999308247404e-06,True
RLC,2.5299999681220002e-08,5.4900999308247404e-06,True
PEE,2.5299999681220002e-08,5.4900999308247404e-06,True
DTR,2.5299999681220002e-08,5.4900999308247404e-06,True
FNW,2.5299999681220002e-08,5.4900999308247404e-06,True
FKF,2.5299999681220002e-08,5.4900999308247404e-06,True
FWS,2.5299999681220002e-08,5.4900999308247404e-06,True
PDY,2.5299999681220002e-08,5.4900999308247404e-06,True
DCG,2.5299999681220002e-08,5.4900999308247404e-06,True
RTG,2.5299999681220002e-08,5.4900999308247404e-06,True
RVD,2.5299999681220002e-08,5.4900999308247404e-06,True
PEN,2.5299999681220002e-08,5.4900999308247404e-06,True
RDP,2.5299999681220002e-08,5.4900999308247404e-06,True
AIH,2.5299999681220002e-08,5.4900999308247404e-06,True
ECY,2.5299999681220002e-08,5.4900999308247404e-06,True
FKG,2.5299999681220002e-08,5.4900999308247404e-06,True
AAY,2.5299999681220002e-08,5.4900999308247404e-06,True
NVK,2.5299999681220002e-08,5.4900999308247404e-06,True
AGM,2.5299999681220002e-08,5.4900999308247404e-06,True
PKN,2.5299999681220002e-08,5.4900999308247404e-06,True
RLP,2.5299999681220002e-08,5.4900999308247404e-06,True
RQI,2.5299999681220002e-08,5.4900999308247404e-06,True
DKC,2.5299999681220002e-08,5.4900999308247404e-06,True
ADI,2.5299999681220002e-08,5.4900999308247404e-06,True
AKQ,2.5299999681220002e-08,5.4900999308247404e-06,True
AKC,2.5299999681220002e-08,5.4900999308247404e-06,True
RTA,2.5299999681220002e-08,5.4900999308247404e-06,True
AVP,2.5299999681220002e-08,5.4900999308247404e-06,True
PID,2.5299999681220002e-08,5.4900999308247404e-06,True
YCC,2.5299999681220002e-08,5.4900999308247404e-06,True
FKL,2.5299999681220002e-08,5.4900999308247404e-06,True
FSP,2.5299999681220002e-08,5.4900999308247404e-06,True
AFC,2.5299999681220002e-08,5.4900999308247404e-06,True
AQQ,2.5299999681220002e-08,5.4900999308247404e-06,True
ACY,2.5299999681220002e-08,5.4900999308247404e-06,True
DSW,2.5299999681220002e-08,5.4900999308247404e-06,True
PVC,2.5299999681220002e-08,5.4900999308247404e-06,True
AKL,2.5299999681220002e-08,5.4900999308247404e-06,True
ECD,2.5299999681220002e-08,5.4900999308247404e-06,True
VGR,2.5299999681220002e-08,5.4900999308247404e-06,True
KLC,2.5299999681220002e-08,5.4900999308247404e-06,True
FPN,2.5299999681220002e-08,5.4900999308247404e-06,True
ASG,2.5299999681220002e-08,5.4900999308247404e-06,True
ASH,2.5299999681220002e-08,5.4900999308247404e-06,True
EGE,2.5299999681220002e-08,5.4900999308247404e-06,True
KIW,2.5299999681220002e-08,5.4900999308247404e-06,True
PPV,2.5299999681220002e-08,5.4900999308247404e-06,True
ASK,2.5299999681220002e-08,5.4900999308247404e-06,True
PCC,2.5299999681220002e-08,5.4900999308247404e-06,True
KCS,2.5299999681220002e-08,5.4900999308247404e-06,True
IIN,2.5299999681220002e-08,5.4900999308247404e-06,True
KPD,2.5299999681220002e-08,5.4900999308247404e-06,True
RKT,2.5299999681220002e-08,5.4900999308247404e-06,True
RKK,2.5299999681220002e-08,5.4900999308247404e-06,True
DGW,2.5299999681220002e-08,5.4900999308247404e-06,True
VNC,2.5299999681220002e-08,5.4900999308247404e-06,True
RTC,2.5299999681220002e-08,5.4900999308247404e-06,True
FRA,2.5299999681220002e-08,5.4900999308247404e-06,True
AIR,2.5299999681220002e-08,5.4900999308247404e-06,True
RHG,2.5299999681220002e-08,5.4900999308247404e-06,True
ADY,2.5299999681220002e-08,5.4900999308247404e-06,True
FAC,2.5299999681220002e-08,5.4900999308247404e-06,True
RGT,2.5299999681220002e-08,5.4900999308247404e-06,True
FSR,2.5299999681220002e-08,5.4900999308247404e-06,True
RWR,2.5299999681220002e-08,5.4900999308247404e-06,True
ASC,2.5299999681220002e-08,5.4900999308247404e-06,True
DES,2.5299999681220002e-08,5.4900999308247404e-06,True
API,2.5299999681220002e-08,5.4900999308247404e-06,True
PNY,2.5299999681220002e-08,5.4900999308247404e-06,True
RIA,2.5299999681220002e-08,5.4900999308247404e-06,True
ATN,2.5299999681220002e-08,5.4900999308247404e-06,True
ANF,2.5299999681220002e-08,5.4900999308247404e-06,True
IGP,2.5299999681220002e-08,5.4900999308247404e-06,True
KND,2.5299999681220002e-08,5.4900999308247404e-06,True
AWK,2.5299999681220002e-08,5.4900999308247404e-06,True
PIV,2.5299999681220002e-08,5.4900999308247404e-06,True
RVK,2.5299999681220002e-08,5.4900999308247404e-06,True
KYK,2.5299999681220002e-08,5.4900999308247404e-06,True
FRI,2.5299999681220002e-08,5.4900999308247404e-06,True
DCV,2.5299999681220002e-08,5.4900999308247404e-06,True
INV,2.5299999681220002e-08,5.4900999308247404e-06,True
ACT,2.5299999681220002e-08,5.4900999308247404e-06,True
VLF,2.5299999681220002e-08,5.4900999308247404e-06,True
GCW,2.5299999681220002e-08,5.4900999308247404e-06,True
AHP,2.5299999681220002e-08,5.4900999308247404e-06,True
FEF,2.5299999681220002e-08,5.4900999308247404e-06,True
FAT,2.5299999681220002e-08,5.4900999308247404e-06,True
FQK,2.5299999681220002e-08,5.4900999308247404e-06,True
AAK,0.3137018629543169,1.0,False
PRP,0.3137018629543169,1.0,False
FLC,0.3137018629543169,1.0,False
FYD,0.3137018629543169,1.0,False
ANS,0.6792459233175965,1.0,False
RCK,0.6792459233175965,1.0,False
ADD,0.6792459233175965,1.0,False
ALF,0.6792459233175965,1.0,False
FLG,0.6792459233175965,1.0,False
REA,0.6792459233175965,1.0,False
AKG,0.6792459233175965,1.0,False
FCG,0.6792459233175965,1.0,False
RRC,0.6792459233175965,1.0,False
RES,0.6792459233175965,1.0,False
AGK,0.6792459233175965,1.0,False
AFT,0.6792459233175965,1.0,False
AEV,0.6792459233175965,1.0,False
ALN,0.6792459233175965,1.0,False
AAI,0.6792459233175965,1.0,False
AKT,0.8976436263180051,1.0,False
ASS,0.8976436263180051,1.0,False
FLA,0.9675056467944092,1.0,False
FLP,0.9675056467944092,1.0,False
