sequence_idx,position,amino_acid,attribution,label
0,0,A,-0.025993634,1
0,1,A,1.1507627,1
0,2,C,1.1507627,1
0,3,Y,-0.09273124,1
0,4,S,0.29574427,1
0,5,S,-0.3282096,1
0,6,D,-0.3282096,1
0,7,C,0.02341666,1
0,8,R,-0.09273124,1
0,9,V,0.26021612,1
0,10,K,0.011285154,1
0,11,C,0.04744183,1
0,12,V,-0.09273124,1
0,13,A,0.011285154,1
0,14,M,1.1507627,1
0,15,G,0.38953114,1
0,16,F,0.42982227,1
0,17,S,-0.17694415,1
0,18,S,-0.3282096,1
0,19,G,-0.3282096,1
0,20,K,0.42982227,1
0,21,C,0.04744183,1
0,22,I,-0.09273124,1
0,23,N,0.38402975,1
0,24,S,-0.042599626,1
0,25,K,-0.3282096,1
0,26,C,0.04744183,1
0,27,K,-0.09273124,1
0,28,C,0.04744183,1
0,29,Y,-0.09273124,1
0,30,K,0.29574427,1
1,0,Q,-0.038990438,1
1,1,N,-0.19384858,1
1,2,C,-0.0638996,1
1,3,C,-0.13909698,1
1,4,N,-0.13909698,1
1,5,G,-0.0638996,1
1,6,G,0.6447341,1
1,7,C,0.6447341,1
1,8,S,-0.13909698,1
1,9,S,-0.4923144,1
1,10,K,-0.4923144,1
1,11,W,0.071162716,1
1,12,C,0.12290812,1
1,13,K,-0.13909698,1
1,14,G,0.071162716,1
1,15,H,0.6447341,1
1,16,A,-0.10517257,1
1,17,R,1.7261426,1
1,18,C,0.3903244,1
1,19,C,-0.13909698,1
2,0,G,-0.045146823,1
2,1,E,0.74653304,1
2,2,E,-0.29566264,1
2,3,E,-0.29566264,1
2,4,Y,-0.29566264,1
2,5,Q,0.51366144,1
2,6,K,-0.22445656,1
2,7,M,0.0823986,1
2,8,L,0.6765537,1
2,9,E,-0.47549197,1
2,10,N,-0.29566264,1
2,11,L,-0.0739889,1
2,12,R,-0.47549197,1
2,13,E,0.45195436,1
2,14,A,-0.29566264,1
2,15,E,1.9986936,1
2,16,V,-0.29566264,1
3,0,F,-0.032991923,1
3,1,F,-0.2245829,1
3,2,P,-0.2245829,1
3,3,I,-0.019968003,1
3,4,I,0.4874225,1
3,5,A,0.4874225,1
3,6,G,1.460583,1
3,7,M,0.5455443,1
3,8,A,0.49440476,1
3,9,A,1.460583,1
3,10,K,1.460583,1
3,11,L,0.060214475,1
3,12,I,-0.3474751,1
3,13,P,0.4874225,1
3,14,S,-0.019968003,1
3,15,L,-0.41657352,1
3,16,F,-0.3474751,1
3,17,C,-0.2245829,1
3,18,K,-0.117697306,1
3,19,I,0.060214475,1
3,20,T,0.4874225,1
3,21,K,-0.33498082,1
3,22,K,0.060214475,1
3,23,C,0.060214475,1
4,0,C,-0.04765504,1
4,1,C,-0.17000747,1
4,2,R,-0.17000747,1
4,3,W,0.47706243,1
4,4,P,0.1502207,1
4,5,C,-0.028842747,1
4,6,P,-0.17000747,1
4,7,D,-0.028842747,1
4,8,S,0.042930774,1
4,9,C,-0.6017178,1
4,10,H,-0.17000747,1
4,11,G,-0.12854415,1
4,12,S,0.78800774,1
4,13,C,-0.6017178,1
4,14,C,-0.17000747,1
4,15,Y,-0.17000747,1
5,0,G,-0.025229111,1
5,1,I,0.41718042,1
5,2,L,0.3727351,1
5,3,S,-0.26571655,1
5,4,T,-0.31855673,1
5,5,F,-0.2561621,1
5,6,K,-0.17173938,1
5,7,G,0.04604646,1
5,8,L,0.41718042,1
5,9,A,-0.26571655,1
5,10,K,1.1169163,1
5,11,G,0.04604646,1
5,12,V,0.41718042,1
5,13,A,0.010953415,1
5,14,K,1.1169163,1
5,15,D,0.04604646,1
5,16,L,0.022727937,1
5,17,A,-0.26571655,1
5,18,G,1.1169163,1
5,19,N,0.41718042,1
5,20,L,-0.041346833,1
5,21,L,-0.26571655,1
5,22,D,-0.26571655,1
5,23,K,0.022727937,1
5,24,F,0.04604646,1
5,25,K,-0.17173938,1
5,26,C,0.04604646,1
5,27,K,-0.090003766,1
5,28,I,0.04604646,1
5,29,T,0.3727351,1
5,30,G,-0.2561621,1
5,31,C,0.41718042,1
6,0,G,-0.045146823,1
6,1,C,0.74653304,1
6,2,C,-0.16105945,1
6,3,S,-0.16105945,1
6,4,Y,-0.5700484,1
6,5,P,0.51366144,1
6,6,P,-0.027324155,1
6,7,C,-0.027324155,1
6,8,F,-0.16105945,1
6,9,A,-0.30732292,1
6,10,T,1.9986936,1
6,11,N,-0.45839557,1
6,12,P,-0.0739889,1
6,13,D,-0.027324155,1
6,14,C,0.040671058,1
6,15,A,-0.16105945,1
6,16,G,1.9986936,1
7,0,G,-0.024508279,1
7,1,F,0.40526122,1
7,2,S,-0.16683319,1
7,3,S,-0.30945498,1
7,4,L,-0.30945498,1
7,5,F,-0.25812456,1
7,6,K,-0.16683319,1
7,7,A,0.04473079,1
7,8,G,1.0850043,1
7,9,A,0.40526122,1
7,10,K,1.0850043,1
7,11,Y,0.04473079,1
7,12,L,0.27884474,1
7,13,L,-0.25812456,1
7,14,K,-0.25812456,1
7,15,Q,0.04473079,1
7,16,V,-0.12184775,1
7,17,G,0.010640153,1
7,18,K,0.40526122,1
7,19,A,0.04473079,1
7,20,G,1.0850043,1
7,21,A,0.40526122,1
7,22,Q,1.0850043,1
7,23,Q,-0.12184775,1
7,24,L,-0.12184775,1
7,25,A,-0.25812456,1
7,26,C,1.0850043,1
7,27,K,-0.08743234,1
7,28,A,0.04473079,1
7,29,A,1.0850043,1
7,30,N,1.0850043,1
7,31,N,-0.04016533,1
7,32,C,-0.04016533,1
8,0,G,-0.02382752,1
8,1,K,0.39400387,1
8,2,L,0.043488204,1
8,3,T,-0.25095436,1
8,4,K,-0.2419307,1
8,5,D,0.043488204,1
8,6,K,0.021465387,1
8,7,L,0.043488204,1
8,8,K,-0.25095436,1
8,9,R,0.043488204,1
8,10,G,0.23853122,1
8,11,A,0.39400387,1
8,12,K,1.0548658,1
8,13,K,0.043488204,1
8,14,A,0.043488204,1
8,15,L,1.0548658,1
8,16,N,-0.25095436,1
8,17,V,-0.039049745,1
8,18,A,0.010344787,1
8,19,S,1.0548658,1
8,20,K,-0.3008589,1
8,21,V,0.043488204,1
8,22,A,0.010344787,1
8,23,P,1.0548658,1
8,24,I,-0.014421374,1
8,25,V,0.35202706,1
8,26,A,0.010344787,1
8,27,A,1.0548658,1
8,28,G,1.0548658,1
8,29,A,0.39400387,1
8,30,S,1.0548658,1
8,31,I,-0.3008589,1
8,32,A,0.35202706,1
8,33,R,1.0548658,1
9,0,M,-0.03177002,1
9,1,A,0.47609365,1
9,2,A,1.4064875,1
9,3,D,1.4064875,1
9,4,I,0.0286203,1
9,5,I,0.46937004,1
9,6,S,0.46937004,1
9,7,T,-0.4011451,1
9,8,I,-0.32257453,1
9,9,G,0.46937004,1
9,10,D,0.5253387,1
9,11,L,0.0286203,1
9,12,V,-0.33460596,1
9,13,K,0.013792918,1
9,14,L,0.057984278,1
9,15,I,-0.33460596,1
9,16,I,0.46937004,1
9,17,N,0.46937004,1
9,18,T,-0.05206631,1
9,19,V,-0.32257453,1
9,20,K,0.013792918,1
9,21,K,0.057984278,1
9,22,F,0.057984278,1
9,23,Q,-0.21626458,1
9,24,K,-0.15795092,1
10,0,E,-0.023183493,1
10,1,D,-0.15182671,1
10,2,C,0.020885212,1
10,3,L,-0.0827063,1
10,4,G,-0.24417238,1
10,5,W,0.38335544,1
10,6,F,0.07308048,1
10,7,S,-0.15781473,1
10,8,R,-0.29272762,1
10,9,C,0.23208451,1
10,10,S,-0.0827063,1
10,11,P,-0.29272762,1
10,12,K,-0.0140315,1
10,13,N,0.0423131,1
10,14,D,-0.037994266,1
10,15,K,0.020885212,1
10,16,C,0.0423131,1
10,17,C,-0.0827063,1
10,18,P,-0.0827063,1
10,19,N,-0.0140315,1
10,20,Y,-0.037994266,1
10,21,K,0.263772,1
10,22,C,0.0423131,1
10,23,S,-0.0827063,1
10,24,S,-0.29272762,1
10,25,K,-0.29272762,1
10,26,D,0.0423131,1
10,27,L,0.020885212,1
10,28,W,-0.24417238,1
10,29,C,0.07308048,1
10,30,K,-0.0827063,1
10,31,Y,0.0423131,1
10,32,K,0.263772,1
10,33,I,0.0423131,1
10,34,W,0.34251308,1
11,0,G,-0.06598385,1
11,1,V,1.0910887,1
11,2,C,0.028647093,1
11,3,C,-0.23539461,1
11,4,G,-0.23539461,1
11,5,F,1.0910887,1
11,6,K,-0.4491658,1
11,7,L,0.12042895,1
11,8,C,-0.6949502,1
11,9,H,-0.23539461,1
11,10,C,-0.17798382,1
12,0,I,-0.04765504,1
12,1,V,0.7040541,1
12,2,R,0.020689573,1
12,3,C,0.47706243,1
12,4,C,-0.17000747,1
12,5,S,-0.17000747,1
12,6,A,-0.6017178,1
12,7,T,2.1097317,1
12,8,C,-0.4838614,1
12,9,K,-0.17000747,1
12,10,S,0.08697641,1
12,11,C,-0.6017178,1
12,12,V,-0.17000747,1
12,13,C,0.020689573,1
12,14,C,-0.17000747,1
12,15,F,-0.17000747,1
13,0,C,-0.050458223,1
13,1,C,-0.18000753,1
13,2,I,-0.18000753,1
13,3,G,0.7454702,1
13,4,P,0.83436084,1
13,5,E,-0.030539013,1
13,6,C,-0.3304466,1
13,7,P,-0.18000753,1
13,8,E,-0.030539013,1
13,9,E,-0.3304466,1
13,10,C,-0.3304466,1
13,11,Y,-0.18000753,1
13,12,C,0.57409215,1
13,13,C,-0.18000753,1
13,14,V,-0.18000753,1
14,0,N,-0.024508279,1
14,1,T,-0.04016533,1
14,2,E,-0.24884306,1
14,3,E,-0.16050264,1
14,4,G,-0.16050264,1
14,5,C,0.40526122,1
14,6,L,-0.08743234,1
14,7,P,-0.25812456,1
14,8,P,-0.014833331,1
14,9,L,-0.014833331,1
14,10,S,-0.25812456,1
14,11,L,-0.30945498,1
14,12,C,-0.25812456,1
14,13,T,-0.08743234,1
14,14,M,-0.24884306,1
14,15,A,0.36727205,1
14,16,D,1.0850043,1
14,17,D,0.022078589,1
14,18,E,0.022078589,1
14,19,C,-0.16050264,1
14,20,C,-0.08743234,1
14,21,H,-0.08743234,1
14,22,D,-0.06610844,1
14,23,C,0.022078589,1
14,24,I,-0.08743234,1
14,25,L,0.36208525,1
14,26,F,-0.25812456,1
14,27,L,-0.16683319,1
14,28,C,-0.25812456,1
14,29,L,-0.08743234,1
14,30,V,-0.25812456,1
14,31,S,0.010640153,1
14,32,P,-0.30945498,1
15,0,G,-0.08577899,1
15,1,D,1.4184138,1
15,2,T,0.07727476,1
15,3,R,-0.87095106,1
15,4,R,0.8587126,1
15,5,Q,0.8587126,1
15,6,I,-0.42646736,1
15,7,L,1.2672989,1
16,0,G,-0.032991923,1
16,1,I,0.5455443,1
16,2,K,0.4874225,1
16,3,D,0.060214475,1
16,4,W,0.029721346,1
16,5,I,0.10399913,1
16,6,K,0.4874225,1
16,7,G,0.060214475,1
16,8,A,0.5455443,1
16,9,A,1.460583,1
16,10,K,1.460583,1
16,11,K,0.060214475,1
16,12,L,0.060214475,1
16,13,I,-0.3474751,1
16,14,K,0.4874225,1
16,15,T,0.060214475,1
16,16,V,-0.33498082,1
16,17,A,0.014323547,1
16,18,S,1.460583,1
16,19,H,-0.41657352,1
16,20,I,-0.08899191,1
16,21,A,0.4874225,1
16,22,N,1.460583,1
16,23,Q,-0.054068785,1
17,0,C,-0.029578958,1
17,1,D,-0.105521865,1
17,2,G,0.026646426,1
17,3,W,0.48910868,1
17,4,S,0.09324062,1
17,5,T,-0.37348008,1
17,6,Y,-0.30032796,1
17,7,C,0.33653665,1
17,8,E,-0.105521865,1
17,9,V,-0.19370991,1
17,10,D,0.012841888,1
17,11,S,0.026646426,1
17,12,E,-0.37348008,1
17,13,C,-0.19370991,1
17,14,C,-0.105521865,1
17,15,S,-0.105521865,1
17,16,E,-0.37348008,1
17,17,Q,-0.19370991,1
17,18,C,-0.14705755,1
17,19,V,-0.105521865,1
17,20,N,0.012841888,1
17,21,S,-0.048475415,1
17,22,Y,-0.37348008,1
17,23,C,0.33653665,1
17,24,T,-0.105521865,1
17,25,L,-0.30032796,1
17,26,F,-0.3115296,1
18,0,E,-0.028593013,1
18,1,C,-0.18725294,1
18,2,T,-0.102004394,1
18,3,R,-0.29031715,1
18,4,S,0.28623775,1
18,5,G,-0.36103067,1
18,6,G,0.47280475,1
18,7,A,0.47280475,1
18,8,C,1.2658392,1
18,9,N,-0.102004394,1
18,10,S,-0.046859656,1
18,11,H,-0.36103067,1
18,12,D,-0.0771265,1
18,13,Q,0.025758415,1
18,14,C,-0.14215581,1
18,15,C,-0.102004394,1
18,16,N,-0.102004394,1
18,17,A,-0.046859656,1
18,18,F,1.2658392,1
18,19,C,-0.19463861,1
18,20,D,-0.102004394,1
18,21,T,0.025758415,1
18,22,A,-0.29031715,1
18,23,T,1.2658392,1
18,24,R,-0.29031715,1
18,25,T,0.28623775,1
18,26,C,-0.29031715,1
18,27,V,-0.102004394,1
19,0,Y,-0.040847167,1
19,1,G,0.46474108,1
19,2,S,0.675435,1
19,3,S,-0.51575786,1
19,4,A,-0.51575786,1
19,5,G,1.8083419,1
19,6,A,0.675435,1
19,7,K,1.8083419,1
19,8,C,0.07455128,1
19,9,M,-0.14572062,1
19,10,N,0.6121198,1
19,11,G,-0.06694203,1
19,12,K,0.675435,1
19,13,C,0.07455128,1
19,14,K,-0.14572062,1
19,15,C,0.07455128,1
19,16,Y,-0.14572062,1
19,17,N,0.46474108,1
19,18,N,-0.06694203,1
20,0,V,-0.050458223,1
20,1,D,0.02190683,1
20,2,K,0.045455873,1
20,3,P,0.09209292,1
20,4,D,-0.030539013,1
20,5,Y,0.045455873,1
20,6,R,0.57409215,1
20,7,P,0.50512505,1
20,8,R,-0.030539013,1
20,9,P,0.50512505,1
20,10,R,-0.030539013,1
20,11,P,0.50512505,1
20,12,P,-0.030539013,1
20,13,N,-0.030539013,1
20,14,M,-0.082693666,1
21,0,G,-0.09531008,1
21,1,C,1.5760155,1
21,2,W,-0.34001493,1
21,3,D,0.3004414,1
21,4,S,0.08586155,1
21,5,W,-1.2034357,1
21,6,C,0.3004414,1
22,0,I,-0.03177002,1
22,1,I,0.46937004,1
22,2,S,0.46937004,1
22,3,P,-0.4011451,1
22,4,P,-0.019228153,1
22,5,V,-0.019228153,1
22,6,C,0.013792918,1
22,7,G,-0.11333825,1
22,8,N,0.5253387,1
22,9,E,-0.05206631,1
22,10,L,-0.2080588,1
22,11,L,-0.33460596,1
22,12,E,-0.33460596,1
22,13,E,-0.2080588,1
22,14,G,-0.2080588,1
22,15,E,0.5253387,1
22,16,E,-0.2080588,1
22,17,C,-0.2080588,1
22,18,D,-0.11333825,1
22,19,C,0.0286203,1
22,20,G,-0.11333825,1
22,21,T,0.5253387,1
22,22,P,-0.32257453,1
22,23,E,-0.019228153,1
22,24,N,-0.2080588,1
23,0,F,-0.057186026,1
23,1,L,-0.38927722,1
23,2,P,-0.6022909,1
23,3,I,-0.034611247,1
23,4,V,0.84486514,1
23,5,G,0.02482736,1
23,6,R,0.9456095,1
23,7,L,0.5724755,1
23,8,I,-0.6022909,1
23,9,S,0.84486514,1
23,10,G,-0.72206134,1
23,11,I,0.9456095,1
23,12,L,0.84486514,1
24,0,T,-0.026805922,1
24,1,N,-0.2721723,1
24,2,S,-0.043930747,1
24,3,A,-0.3384661,1
24,4,C,1.1867237,1
24,5,C,-0.09562913,1
24,6,L,-0.09562913,1
24,7,F,-0.28232405,1
24,8,E,-0.1824736,1
24,9,F,-0.17554985,1
24,10,Y,-0.1824736,1
24,11,D,0.3049864,1
24,12,C,0.024148412,1
24,13,L,-0.09562913,1
24,14,Y,-0.28232405,1
24,15,R,0.3049864,1
24,16,A,0.26834774,1
24,17,E,1.1867237,1
24,18,I,-0.17554985,1
24,19,N,0.3960304,1
24,20,W,-0.043930747,1
24,21,K,0.08449926,1
24,22,R,0.048924223,1
24,23,G,0.26834774,1
24,24,T,0.44325465,1
24,25,V,-0.2721723,1
24,26,P,0.011637959,1
24,27,V,-0.016224086,1
24,28,Q,0.011637959,1
24,29,E,-0.13327098,1
25,0,C,-0.07148248,1
25,1,C,-0.2550112,1
25,2,P,-0.2550112,1
25,3,G,-0.04326389,1
25,4,K,1.1820107,1
25,5,P,0.13046513,1
25,6,C,-0.04326389,1
25,7,C,-0.2550112,1
25,8,R,-0.2550112,1
25,9,I,0.71559495,1
26,0,T,-0.10722369,1
26,1,I,-1.0886892,1
26,2,I,1.5841216,1
26,3,N,1.5841216,1
26,4,V,-0.17572299,1
26,5,K,0.046551835,1
27,0,G,-0.028593013,1
27,1,L,0.47280475,1
27,2,A,-0.30114546,1
27,3,D,1.2658392,1
27,4,Y,0.025758415,1
27,5,W,0.32531884,1
27,6,R,0.09013252,1
27,7,T,0.28623775,1
27,8,A,-0.29031715,1
27,9,F,1.2658392,1
27,10,R,-0.19463861,1
27,11,A,0.28623775,1
27,12,N,1.2658392,1
27,13,F,-0.046859656,1
27,14,A,-0.19463861,1
27,15,N,1.2658392,1
27,16,L,-0.046859656,1
27,17,G,-0.30114546,1
27,18,P,0.47280475,1
27,19,G,-0.017305624,1
27,20,I,0.47280475,1
27,21,R,0.42243257,1
27,22,C,0.28623775,1
27,23,K,-0.102004394,1
27,24,S,0.052185863,1
27,25,A,-0.36103067,1
27,26,R,1.2658392,1
27,27,C,0.28623775,1
28,0,A,-0.061270703,1
28,1,C,2.712512,1
28,2,C,-0.218581,1
28,3,S,-0.218581,1
28,4,D,-0.77363694,1
28,5,R,0.055196535,1
28,6,R,0.6133665,1
28,7,C,0.6133665,1
28,8,R,-0.218581,1
28,9,W,0.6133665,1
28,10,R,0.19314136,1
28,11,C,0.6133665,1
29,0,G,-0.03177002,1
29,1,A,0.5253387,1
29,2,W,1.4064875,1
29,3,K,0.10014726,1
29,4,N,0.057984278,1
29,5,F,-0.05206631,1
29,6,W,-0.21626458,1
29,7,S,0.10014726,1
29,8,S,-0.4011451,1
29,9,L,-0.4011451,1
29,10,R,-0.33460596,1
29,11,K,0.31804168,1
29,12,G,0.057984278,1
29,13,F,0.5253387,1
29,14,Y,-0.21626458,1
29,15,D,0.36146554,1
29,16,G,0.0286203,1
29,17,E,0.5253387,1
29,18,A,-0.2080588,1
29,19,G,1.4064875,1
29,20,R,0.5253387,1
29,21,A,0.31804168,1
29,22,I,1.4064875,1
29,23,R,0.46937004,1
29,24,R,0.31804168,1
30,0,D,-0.030635351,1
30,1,P,0.027598267,1
30,2,A,-0.018541679,1
30,3,F,1.356256,1
30,4,R,-0.208541,1
30,5,L,0.30668324,1
30,6,P,-0.32265574,1
30,7,T,-0.018541679,1
30,8,T,-0.311054,1
30,9,T,-0.311054,1
30,10,R,-0.311054,1
30,11,P,0.30668324,1
30,12,R,-0.018541679,1
30,13,H,0.30668324,1
30,14,Y,-0.082635485,1
30,15,Q,0.34855586,1
30,16,A,-0.15230978,1
30,17,A,1.356256,1
30,18,I,1.356256,1
30,19,P,0.45260695,1
30,20,D,-0.018541679,1
30,21,F,0.027598267,1
30,22,S,-0.208541,1
30,23,A,-0.38681847,1
30,24,G,1.356256,1
30,25,A,0.5065769,1
31,0,F,-0.040847167,1
31,1,N,-0.27805495,1
31,2,W,-0.06694203,1
31,3,A,0.12876081,1
31,4,C,1.8083419,1
31,5,C,-0.14572062,1
31,6,L,-0.14572062,1
31,7,I,-0.43020806,1
31,8,P,0.6034752,1
31,9,A,-0.024722308,1
31,10,C,1.8083419,1
31,11,R,-0.14572062,1
31,12,R,0.40891144,1
31,13,N,0.40891144,1
31,14,H,-0.06694203,1
31,15,K,-0.110180534,1
31,16,K,0.07455128,1
31,17,F,0.07455128,1
31,18,C,-0.27805495,1
32,0,N,-0.028593013,1
32,1,C,-0.046859656,1
32,2,F,-0.102004394,1
32,3,P,-0.19463861,1
32,4,N,-0.017305624,1
32,5,G,-0.046859656,1
32,6,K,0.47280475,1
32,7,F,0.052185863,1
32,8,C,-0.19463861,1
32,9,G,-0.102004394,1
32,10,F,0.47280475,1
32,11,P,-0.19463861,1
32,12,K,-0.017305624,1
32,13,V,0.052185863,1
32,14,G,0.01241368,1
32,15,K,0.47280475,1
32,16,P,0.052185863,1
32,17,C,-0.017305624,1
32,18,C,-0.102004394,1
32,19,S,-0.102004394,1
32,20,G,-0.36103067,1
32,21,V,0.47280475,1
32,22,C,0.01241368,1
32,23,L,-0.102004394,1
32,24,F,-0.30114546,1
32,25,A,-0.19463861,1
32,26,C,1.2658392,1
32,27,T,-0.102004394,1
33,0,C,-0.03177002,1
33,1,Q,-0.11333825,1
33,2,G,-0.15795092,1
33,3,R,0.5253387,1
33,4,G,0.31804168,1
33,5,A,0.5253387,1
33,6,S,1.4064875,1
33,7,C,-0.4011451,1
33,8,R,-0.11333825,1
33,9,K,0.31804168,1
33,10,T,0.057984278,1
33,11,S,-0.32257453,1
33,12,Y,-0.4011451,1
33,13,D,0.36146554,1
33,14,C,0.0286203,1
33,15,C,-0.11333825,1
33,16,T,-0.11333825,1
33,17,G,-0.32257453,1
33,18,S,0.5253387,1
33,19,C,-0.4011451,1
33,20,R,-0.11333825,1
33,21,S,0.31804168,1
33,22,G,-0.4011451,1
33,23,R,0.5253387,1
33,24,C,0.31804168,1
34,0,W,-0.025229111,1
34,1,R,0.07952869,1
34,2,V,0.25256252,1
34,3,D,0.010953415,1
34,4,S,0.022727937,1
34,5,E,-0.31855673,1
34,6,C,-0.1652233,1
34,7,I,-0.090003766,1
34,8,S,0.3727351,1
34,9,F,-0.31855673,1
34,10,W,-0.17173938,1
34,11,G,0.07952869,1
34,12,S,0.41718042,1
34,13,C,-0.31855673,1
34,14,T,-0.090003766,1
34,15,V,-0.2561621,1
34,16,D,0.010953415,1
34,17,A,0.022727937,1
34,18,D,1.1169163,1
34,19,C,0.022727937,1
34,20,C,-0.090003766,1
34,21,F,-0.090003766,1
34,22,N,-0.17173938,1
34,23,S,-0.041346833,1
34,24,C,-0.31855673,1
34,25,D,-0.090003766,1
34,26,E,0.022727937,1
34,27,T,-0.1652233,1
34,28,Y,-0.2561621,1
34,29,G,0.28704607,1
34,30,Y,0.41718042,1
34,31,C,0.28704607,1
35,0,V,-0.061270703,1
35,1,N,0.026600588,1
35,2,C,-0.10041368,1
35,3,C,-0.218581,1
35,4,P,-0.218581,1
35,5,I,-0.037083358,1
35,6,D,0.9052139,1
35,7,E,0.055196535,1
35,8,S,-0.40125632,1
35,9,C,-0.77363694,1
35,10,C,-0.218581,1
35,11,S,-0.218581,1
36,0,E,-0.023183493,1
36,1,P,-0.15182671,1
36,2,V,-0.0140315,1
36,3,P,0.01006526,1
36,4,T,-0.0140315,1
36,5,T,-0.23539206,1
36,6,I,-0.23539206,1
36,7,I,0.34251308,1
36,8,D,0.34251308,1
36,9,F,0.020885212,1
36,10,G,-0.15781473,1
36,11,E,0.38335544,1
36,12,C,-0.15182671,1
36,13,C,-0.0827063,1
36,14,R,-0.0827063,1
36,15,D,0.23208451,1
36,16,P,0.020885212,1
36,17,S,-0.0140315,1
36,18,C,-0.29272762,1
36,19,W,-0.0827063,1
36,20,V,0.07308048,1
36,21,K,0.01006526,1
36,22,V,0.0423131,1
36,23,K,0.01006526,1
36,24,D,0.0423131,1
36,25,F,0.020885212,1
36,26,K,-0.15781473,1
36,27,C,0.0423131,1
36,28,P,-0.0827063,1
36,29,G,-0.0140315,1
36,30,A,0.38335544,1
36,31,V,1.0263554,1
36,32,P,0.01006526,1
36,33,P,-0.0140315,1
36,34,S,-0.0140315,1
37,0,W,-0.04765504,1
37,1,C,0.1502207,1
37,2,A,-0.17000747,1
37,3,S,2.1097317,1
37,4,G,-0.6017178,1
37,5,C,0.78800774,1
37,6,R,-0.17000747,1
37,7,K,0.47706243,1
37,8,K,0.08697641,1
37,9,R,0.08697641,1
37,10,H,0.47706243,1
37,11,G,-0.12854415,1
37,12,G,0.78800774,1
37,13,C,0.78800774,1
37,14,S,-0.17000747,1
37,15,C,-0.6017178,1
38,0,A,-0.08577899,1
38,1,P,3.7975168,1
38,2,A,-0.05191642,1
38,3,N,3.7975168,1
38,4,S,-0.14057878,1
38,5,V,-1.0830923,1
38,6,W,0.03724105,1
38,7,S,0.27039775,1
39,0,A,-0.025229111,1
39,1,T,1.1169163,1
39,2,C,-0.2561621,1
39,3,Y,-0.090003766,1
39,4,C,0.28704607,1
39,5,R,-0.090003766,1
39,6,T,0.25256252,1
39,7,G,-0.2561621,1
39,8,R,0.41718042,1
39,9,C,0.25256252,1
39,10,A,-0.090003766,1
39,11,T,1.1169163,1
39,12,R,-0.2561621,1
39,13,E,0.25256252,1
39,14,S,-0.1652233,1
39,15,L,-0.31855673,1
39,16,S,-0.26571655,1
39,17,G,-0.31855673,1
39,18,V,0.41718042,1
39,19,C,0.010953415,1
39,20,E,-0.090003766,1
39,21,I,-0.1652233,1
39,22,S,0.3727351,1
39,23,G,-0.31855673,1
39,24,R,0.41718042,1
39,25,L,0.25256252,1
39,26,Y,-0.26571655,1
39,27,R,0.28704607,1
39,28,L,0.25256252,1
39,29,C,-0.26571655,1
39,30,C,-0.090003766,1
39,31,R,-0.090003766,1
40,0,D,-0.03177002,1
40,1,C,0.0286203,1
40,2,L,-0.11333825,1
40,3,P,-0.33460596,1
40,4,P,-0.019228153,1
40,5,L,-0.019228153,1
40,6,T,-0.33460596,1
40,7,W,-0.32257453,1
40,8,C,0.10014726,1
40,9,S,-0.11333825,1
40,10,M,-0.4011451,1
40,11,T,0.47609365,1
40,12,D,-0.32257453,1
40,13,D,0.0286203,1
40,14,E,0.0286203,1
40,15,C,-0.2080588,1
40,16,C,-0.11333825,1
40,17,N,-0.11333825,1
40,18,D,-0.05206631,1
40,19,C,0.0286203,1
40,20,V,-0.11333825,1
40,21,L,0.013792918,1
40,22,F,-0.33460596,1
40,23,L,-0.21626458,1
40,24,C,-0.33460596,1
41,0,G,-0.038990438,1
41,1,C,0.6447341,1
41,2,C,-0.13909698,1
41,3,A,-0.13909698,1
41,4,I,1.7261426,1
41,5,H,0.57604504,1
41,6,E,-0.10517257,1
41,7,C,-0.25534484,1
41,8,R,-0.13909698,1
41,9,L,0.3903244,1
41,10,Q,-0.4106531,1
41,11,N,-0.19384858,1
41,12,A,-0.0638996,1
41,13,A,1.7261426,1
41,14,Y,1.7261426,1
41,15,C,0.44361666,1
41,16,G,-0.13909698,1
41,17,G,0.6447341,1
41,18,I,0.6447341,1
41,19,Y,0.57604504,1
42,0,R,-0.04765504,1
42,1,P,0.47706243,1
42,2,P,-0.028842747,1
42,3,G,-0.028842747,1
42,4,F,0.78800774,1
42,5,S,-0.3243971,1
42,6,P,-0.6017178,1
42,7,F,-0.028842747,1
42,8,R,-0.3243971,1
42,9,I,0.47706243,1
42,10,A,0.7040541,1
42,11,P,2.1097317,1
42,12,A,-0.028842747,1
42,13,S,2.1097317,1
42,14,S,-0.6017178,1
42,15,L,-0.6017178,1
43,0,A,-0.042889494,1
43,1,D,1.8987584,1
43,2,V,0.03863738,1
43,3,R,0.018620525,1
43,4,N,0.4293563,1
43,5,P,-0.07028939,1
43,6,L,-0.02595821,1
43,7,E,-0.45171762,1
43,8,E,-0.28087947,1
43,9,F,-0.28087947,1
43,10,R,-0.29195747,1
43,11,E,0.4293563,1
43,12,T,-0.28087947,1
43,13,D,-0.43547553,1
43,14,Y,0.03863738,1
43,15,E,0.487978,1
43,16,V,-0.28087947,1
43,17,L,0.018620525,1
44,0,G,-0.029578958,1
44,1,I,0.48910868,1
44,2,G,0.43699926,1
44,3,T,0.48910868,1
44,4,K,-0.30032796,1
44,5,F,0.05398552,1
44,6,L,-0.20134997,1
44,7,G,-0.3115296,1
44,8,G,0.48910868,1
44,9,V,0.48910868,1
44,10,K,0.012841888,1
44,11,T,0.05398552,1
44,12,A,-0.30032796,1
44,13,L,1.3094876,1
44,14,K,-0.3115296,1
44,15,G,0.05398552,1
44,16,A,0.48910868,1
44,17,L,1.3094876,1
44,18,K,-0.3115296,1
44,19,E,0.05398552,1
44,20,L,-0.19370991,1
44,21,A,-0.3115296,1
44,22,F,1.3094876,1
44,23,T,-0.20134997,1
44,24,Y,-0.30032796,1
44,25,V,0.33653665,1
44,26,N,0.012841888,1
45,0,T,-0.024508279,1
45,1,F,-0.24884306,1
45,2,I,-0.16683319,1
45,3,N,0.36208525,1
45,4,V,-0.04016533,1
45,5,K,0.010640153,1
45,6,C,0.04473079,1
45,7,T,-0.08743234,1
45,8,S,-0.24884306,1
45,9,P,-0.30945498,1
45,10,K,-0.014833331,1
45,11,Q,0.04473079,1
45,12,C,-0.12184775,1
45,13,L,-0.08743234,1
45,14,P,-0.25812456,1
45,15,A,-0.014833331,1
45,16,C,1.0850043,1
45,17,K,-0.08743234,1
45,18,E,0.04473079,1
45,19,K,-0.16050264,1
45,20,F,0.04473079,1
45,21,G,-0.16683319,1
45,22,A,0.40526122,1
45,23,A,1.0850043,1
45,24,G,1.0850043,1
45,25,K,0.40526122,1
45,26,C,0.04473079,1
45,27,M,-0.08743234,1
45,28,N,0.36727205,1
45,29,G,-0.04016533,1
45,30,K,0.40526122,1
45,31,C,0.04473079,1
45,32,K,-0.08743234,1
46,0,C,-0.06598385,1
46,1,L,-0.23539461,1
46,2,G,-0.6949502,1
46,3,C,1.0910887,1
46,4,G,-0.23539461,1
46,5,E,1.0910887,1
46,6,D,-0.43212226,1
46,7,P,0.05944269,1
46,8,R,-0.039936006,1
46,9,C,0.6605484,1
46,10,C,-0.23539461,1
47,0,G,-0.029578958,1
47,1,F,0.48910868,1
47,2,G,-0.20134997,1
47,3,A,0.48910868,1
47,4,L,1.3094876,1
47,5,F,-0.3115296,1
47,6,K,-0.20134997,1
47,7,F,0.05398552,1
47,8,L,-0.20134997,1
47,9,A,-0.3115296,1
47,10,K,1.3094876,1
47,11,K,0.05398552,1
47,12,V,0.05398552,1
47,13,A,0.012841888,1
47,14,K,1.3094876,1
47,15,T,0.05398552,1
47,16,V,-0.30032796,1
47,17,A,0.012841888,1
47,18,K,1.3094876,1
47,19,Q,0.05398552,1
47,20,V,-0.14705755,1
47,21,A,0.012841888,1
47,22,K,1.3094876,1
47,23,K,0.05398552,1
47,24,Q,0.05398552,1
47,25,M,-0.14705755,1
47,26,E,0.44325942,1
48,0,D,-0.045146823,1
48,1,W,0.040671058,1
48,2,E,0.14231446,1
48,3,Y,-0.29566264,1
48,4,H,0.51366144,1
48,5,A,-0.1217787,1
48,6,H,1.9986936,1
48,7,P,-0.1217787,1
48,8,K,-0.027324155,1
48,9,P,0.0823986,1
48,10,N,-0.027324155,1
48,11,S,-0.0739889,1
48,12,F,-0.5700484,1
48,13,W,-0.30732292,1
48,14,T,0.14231446,1
48,15,L,-0.45839557,1
48,16,V,-0.47549197,1
49,0,E,-0.026805922,1
49,1,C,-0.17554985,1
49,2,T,-0.09562913,1
49,3,P,-0.2721723,1
49,4,P,-0.016224086,1
49,5,G,-0.016224086,1
49,6,G,0.44325465,1
49,7,A,0.44325465,1
49,8,C,1.1867237,1
49,9,N,-0.09562913,1
49,10,I,-0.043930747,1
49,11,H,0.3960304,1
49,12,P,-0.072306186,1
49,13,H,-0.016224086,1
49,14,C,-0.072306186,1
49,15,C,-0.09562913,1
49,16,E,-0.09562913,1
49,17,E,-0.17554985,1
49,18,F,-0.17554985,1
49,19,C,-0.1824736,1
49,20,D,-0.09562913,1
49,21,M,0.024148412,1
49,22,A,0.40170354,1
49,23,N,1.1867237,1
49,24,N,-0.043930747,1
49,25,R,-0.043930747,1
49,26,C,0.26834774,1
49,27,L,-0.09562913,1
49,28,E,-0.28232405,1
49,29,M,-0.17554985,1
50,0,Q,-0.053611845,0
50,1,L,-0.26654196,0
50,2,A,-0.5646481,0
50,3,K,2.3734474,0
50,4,T,0.097848445,0
50,5,L,-0.5443446,0
50,6,G,-0.5646481,0
50,7,F,0.8865093,0
50,8,D,-0.3649472,0
50,9,F,0.048296824,0
50,10,V,-0.3649472,0
50,11,E,0.023275917,0
50,12,M,-0.3510997,0
50,13,S,0.8034071,0
51,0,R,-0.057186026,0
51,1,A,0.5724755,0
51,2,G,2.5316784,0
51,3,L,0.9456095,0
51,4,A,-0.6022909,0
51,5,A,2.5316784,0
51,6,S,2.5316784,0
51,7,S,-0.72206134,0
51,8,V,-0.72206134,0
51,9,S,0.02482736,0
51,10,P,-0.72206134,0
51,11,H,-0.034611247,0
51,12,V,-0.154253,0
52,0,P,-0.024508279,0
52,1,G,-0.014833331,0
52,2,T,0.40526122,0
52,3,I,-0.24884306,0
52,4,L,0.36208525,0
52,5,E,-0.25812456,0
52,6,A,-0.16050264,0
52,7,N,1.0850043,0
52,8,K,-0.04016533,0
52,9,Q,0.04473079,0
52,10,G,-0.12184775,0
52,11,I,0.40526122,0
52,12,Q,0.36208525,0
52,13,V,-0.12184775,0
52,14,A,0.010640153,0
52,15,T,1.0850043,0
52,16,G,-0.24884306,0
52,17,D,0.40526122,0
52,18,G,0.022078589,0
52,19,I,0.40526122,0
52,20,L,0.36208525,0
52,21,N,-0.25812456,0
52,22,L,-0.04016533,0
52,23,L,-0.25812456,0
52,24,S,-0.25812456,0
52,25,L,-0.30945498,0
52,26,Q,-0.25812456,0
52,27,P,-0.12184775,0
52,28,A,-0.014833331,0
52,29,G,1.0850043,0
52,30,K,0.40526122,0
52,31,K,0.04473079,0
52,32,A,0.04473079,0
53,0,S,-0.04765504,0
53,1,T,-0.6017178,0
53,2,D,-0.4838614,0
53,3,T,0.042930774,0
53,4,Q,-0.4838614,0
53,5,Y,-0.2369262,0
53,6,F,0.5421978,0
53,7,G,-0.3243971,0
53,8,P,0.78800774,0
53,9,G,-0.028842747,0
53,10,T,0.78800774,0
53,11,R,-0.4838614,0
53,12,L,0.47706243,0
53,13,T,-0.5019087,0
53,14,V,-0.4838614,0
53,15,L,0.020689573,0
54,0,Y,-0.050458223,0
54,1,A,0.57409215,0
54,2,E,2.2338326,0
54,3,V,-0.3304466,0
54,4,P,0.02190683,0
54,5,S,-0.030539013,0
54,6,P,-0.63711345,0
54,7,A,-0.030539013,0
54,8,A,2.2338326,0
54,9,Q,2.2338326,0
54,10,A,-0.25086328,0
54,11,P,2.2338326,0
54,12,T,-0.030539013,0
54,13,A,-0.5123242,0
54,14,D,2.2338326,0
55,0,M,-0.023183493,0
55,1,E,0.3474194,0
55,2,V,-0.15182671,0
55,3,N,0.01006526,0
55,4,I,-0.037994266,0
55,5,F,0.34251308,0
55,6,G,-0.15781473,0
55,7,L,0.38335544,0
55,8,T,-0.24417238,0
55,9,A,-0.23539206,0
55,10,T,1.0263554,0
55,11,A,-0.23539206,0
55,12,L,1.0263554,0
55,13,F,-0.24417238,0
55,14,I,-0.15781473,0
55,15,I,0.34251308,0
55,16,I,0.34251308,0
55,17,P,0.34251308,0
55,18,T,-0.0140315,0
55,19,S,-0.23539206,0
55,20,F,-0.29272762,0
55,21,L,-0.15781473,0
55,22,L,-0.24417238,0
55,23,I,-0.24417238,0
55,24,L,0.34251308,0
55,25,Y,-0.24417238,0
55,26,V,0.263772,0
55,27,K,0.01006526,0
55,28,T,0.0423131,0
55,29,A,-0.23539206,0
55,30,S,1.0263554,0
55,31,N,-0.29272762,0
55,32,Q,-0.037994266,0
55,33,S,-0.11526148,0
55,34,V,-0.29272762,0
56,0,L,-0.024508279,0
56,1,G,-0.25812456,0
56,2,H,0.40526122,0
56,3,Y,-0.06610844,0
56,4,L,0.27884474,0
56,5,G,-0.25812456,0
56,6,M,0.40526122,0
56,7,D,0.36727205,0
56,8,T,0.022078589,0
56,9,H,-0.24884306,0
56,10,D,-0.06610844,0
56,11,T,0.022078589,0
56,12,G,-0.24884306,0
56,13,G,0.40526122,0
56,14,N,0.40526122,0
56,15,P,-0.04016533,0
56,16,N,-0.014833331,0
56,17,Y,-0.04016533,0
56,18,A,0.27884474,0
56,19,D,1.0850043,0
56,20,K,0.022078589,0
56,21,D,0.04473079,0
56,22,P,0.022078589,0
56,23,K,-0.014833331,0
56,24,F,0.04473079,0
56,25,K,-0.16683319,0
56,26,Y,0.04473079,0
56,27,L,0.27884474,0
56,28,R,-0.25812456,0
56,29,L,0.24534662,0
56,30,R,-0.25812456,0
56,31,G,0.24534662,0
56,32,P,0.40526122,0
57,0,M,-0.02382752,0
57,1,D,0.35706952,0
57,2,S,0.021465387,0
57,3,A,-0.3008589,0
57,4,I,1.0548658,0
57,5,S,0.35202706,0
57,6,S,-0.3008589,0
57,7,P,-0.3008589,0
57,8,E,-0.014421374,0
57,9,I,-0.15604386,0
57,10,F,0.35202706,0
57,11,I,-0.16219854,0
57,12,A,0.35202706,0
57,13,L,1.0548658,0
57,14,V,-0.25095436,0
57,15,V,0.010344787,0
57,16,A,0.010344787,0
57,17,A,1.0548658,0
57,18,H,1.0548658,0
57,19,A,-0.064272076,0
57,20,A,1.0548658,0
57,21,I,1.0548658,0
57,22,L,0.35202706,0
57,23,A,-0.25095436,0
57,24,L,1.0548658,0
57,25,R,-0.25095436,0
57,26,L,0.23853122,0
57,27,S,-0.25095436,0
57,28,V,-0.3008589,0
57,29,S,0.010344787,0
57,30,L,-0.3008589,0
57,31,Y,-0.25095436,0
57,32,R,0.2710989,0
57,33,A,0.23853122,0
58,0,G,-0.03177002,0
58,1,R,0.5253387,0
58,2,S,0.31804168,0
58,3,L,-0.4011451,0
58,4,V,-0.33460596,0
58,5,F,0.013792918,0
58,6,P,-0.21626458,0
58,7,E,-0.019228153,0
58,8,E,-0.2080588,0
58,9,T,-0.2080588,0
58,10,A,-0.32257453,0
58,11,N,1.4064875,0
58,12,S,-0.05206631,0
58,13,F,-0.4011451,0
58,14,V,-0.21626458,0
58,15,E,0.013792918,0
58,16,L,-0.2080588,0
58,17,F,-0.33460596,0
58,18,P,-0.21626458,0
58,19,A,-0.019228153,0
58,20,K,1.4064875,0
58,21,E,0.057984278,0
58,22,L,-0.2080588,0
58,23,S,-0.33460596,0
58,24,L,-0.4011451,0
59,0,M,-0.057186026,0
59,1,K,0.8569679,0
59,2,F,0.10437173,0
59,3,L,-0.38927722,0
59,4,C,-0.6022909,0
59,5,W,-0.20400879,0
59,6,Q,0.18026504,0
59,7,K,-0.28431162,0
59,8,S,0.10437173,0
59,9,I,-0.72206134,0
59,10,H,0.84486514,0
59,11,G,-0.154253,0
59,12,S,0.9456095,0
60,0,M,-0.023183493,0
60,1,Q,0.3474194,0
60,2,V,-0.11526148,0
60,3,N,0.01006526,0
60,4,E,-0.037994266,0
60,5,L,-0.15182671,0
60,6,G,-0.24417238,0
60,7,F,0.38335544,0
60,8,L,-0.15781473,0
60,9,A,-0.24417238,0
60,10,S,1.0263554,0
60,11,L,-0.29272762,0
60,12,L,-0.24417238,0
60,13,F,-0.24417238,0
60,14,V,-0.15781473,0
60,15,L,0.01006526,0
60,16,V,-0.24417238,0
60,17,P,0.01006526,0
60,18,S,-0.0140315,0
60,19,V,-0.29272762,0
60,20,F,0.01006526,0
60,21,L,-0.15781473,0
60,22,I,-0.24417238,0
60,23,V,0.34251308,0
60,24,L,0.01006526,0
60,25,Y,-0.24417238,0
60,26,I,0.263772,0
60,27,Q,0.34251308,0
60,28,T,-0.11526148,0
60,29,A,-0.23539206,0
60,30,S,1.0263554,0
60,31,R,-0.29272762,0
60,32,E,0.23208451,0
60,33,A,-0.15182671,0
60,34,K,1.0263554,0
61,0,R,-0.034311622,0
61,1,E,0.34348518,0
61,2,S,-0.22470343,0
61,3,D,-0.4332363,0
61,4,A,0.030910194,0
61,5,G,1.5190071,0
61,6,L,0.5673659,0
61,7,K,-0.36137468,0
61,8,S,0.06262314,0
61,9,L,-0.4332363,0
61,10,A,-0.36137468,0
61,11,E,1.5190071,0
61,12,G,-0.22470343,0
61,13,V,0.5673659,0
61,14,E,0.014896587,0
61,15,M,-0.22470343,0
61,16,T,0.51418144,0
61,17,E,-0.3483802,0
61,18,R,-0.22470343,0
61,19,A,0.34348518,0
61,20,M,1.5190071,0
61,21,M,0.51418144,0
61,22,A,0.51418144,0
62,0,K,-0.061270703,0
62,1,D,0.11182693,0
62,2,A,0.055196535,0
62,3,L,2.712512,0
62,4,E,-0.6453115,0
62,5,H,-0.40125632,0
62,6,T,-0.16527097,0
62,7,G,-0.622108,0
62,8,F,1.0131538,0
62,9,A,-0.417082,0
62,10,P,2.712512,0
62,11,K,-0.037083358,0
63,0,N,-0.038990438,0
63,1,L,-0.0638996,0
63,2,Y,-0.4106531,0
63,3,Q,0.44361666,0
63,4,F,-0.19384858,0
63,5,G,-0.2654157,0
63,6,N,0.6447341,0
63,7,M,-0.0638996,0
63,8,I,0.58429587,0
63,9,Q,0.57604504,0
63,10,C,-0.19384858,0
63,11,T,-0.13909698,0
63,12,I,-0.3958868,0
63,13,P,0.57604504,0
63,14,G,-0.023598291,0
63,15,S,0.6447341,0
63,16,N,-0.4923144,0
63,17,P,-0.0638996,0
63,18,L,-0.023598291,0
63,19,L,-0.4106531,0
64,0,M,-0.050458223,0
64,1,K,0.7561486,0
64,2,K,0.09209292,0
64,3,A,0.09209292,0
64,4,W,2.2338326,0
64,5,W,0.15905738,0
64,6,K,0.15905738,0
64,7,E,0.09209292,0
64,8,G,-0.3304466,0
64,9,V,0.83436084,0
64,10,V,0.02190683,0
64,11,Y,0.02190683,0
64,12,Q,0.57409215,0
64,13,I,-0.25086328,0
64,14,Y,0.7454702,0
65,0,G,-0.032991923,0
65,1,R,0.5455443,0
65,2,S,0.3302742,0
65,3,K,-0.41657352,0
65,4,A,0.060214475,0
65,5,G,1.460583,0
65,6,Q,0.5455443,0
65,7,N,-0.16402605,0
65,8,I,-0.054068785,0
65,9,I,0.4874225,0
65,10,I,0.4874225,0
65,11,V,0.4874225,0
65,12,G,0.014323547,0
65,13,G,0.5455443,0
65,14,G,0.5455443,0
65,15,A,0.5455443,0
65,16,V,1.460583,0
65,17,G,0.014323547,0
65,18,V,0.5455443,0
65,19,E,0.014323547,0
65,20,T,-0.21606113,0
65,21,A,-0.33498082,0
65,22,L,1.460583,0
65,23,L,-0.3474751,0
66,0,E,-0.061270703,0
66,1,D,-0.40125632,0
66,2,D,0.055196535,0
66,3,L,0.055196535,0
66,4,E,-0.6453115,0
66,5,D,-0.40125632,0
66,6,F,0.055196535,0
66,7,N,-0.417082,0
66,8,P,-0.10041368,0
66,9,T,-0.037083358,0
66,10,V,-0.622108,0
66,11,S,0.026600588,0
67,0,D,-0.023183493,0
67,1,T,0.020885212,0
67,2,L,-0.23539206,0
67,3,Y,-0.24417238,0
67,4,S,0.263772,0
67,5,V,-0.29272762,0
67,6,C,0.01006526,0
67,7,K,-0.0827063,0
67,8,H,0.0423131,0
67,9,R,-0.062535085,0
67,10,G,0.23208451,0
67,11,F,0.38335544,0
67,12,Y,-0.15781473,0
67,13,R,0.263772,0
67,14,P,0.23208451,0
67,15,S,-0.0140315,0
67,16,E,-0.29272762,0
67,17,G,-0.15182671,0
67,18,I,0.38335544,0
67,19,V,0.34251308,0
67,20,D,0.01006526,0
67,21,Q,0.020885212,0
67,22,C,-0.11526148,0
67,23,C,-0.0827063,0
67,24,T,-0.0827063,0
67,25,N,-0.23539206,0
67,26,I,-0.037994266,0
67,27,C,0.34251308,0
67,28,S,-0.0827063,0
67,29,R,-0.29272762,0
67,30,N,0.23208451,0
67,31,Q,-0.037994266,0
67,32,L,-0.11526148,0
67,33,L,-0.24417238,0
67,34,T,-0.24417238,0
68,0,E,-0.037295233,0
68,1,V,-0.24424279,0
68,2,H,0.016191859,0
68,3,L,-0.10060015,0
68,4,T,-0.39279744,0
68,5,S,-0.37867442,0
68,6,D,-0.4709097,0
68,7,D,0.03359797,0
68,8,A,0.03359797,0
68,9,P,1.6510935,0
68,10,R,-0.02257229,0
68,11,A,0.3733536,0
68,12,T,1.6510935,0
68,13,D,-0.37867442,0
68,14,E,0.03359797,0
68,15,Q,-0.24424279,0
68,16,I,-0.18542066,0
68,17,K,0.5509993,0
68,18,K,0.068068534,0
68,19,A,0.068068534,0
68,20,S,1.6510935,0
69,0,S,-0.029578958,0
69,1,E,-0.37348008,0
69,2,R,-0.19370991,0
69,3,R,0.29610783,0
69,4,E,0.29610783,0
69,5,Q,-0.19370991,0
69,6,D,-0.14705755,0
69,7,A,0.026646426,0
69,8,I,1.3094876,0
69,9,D,0.43699926,0
69,10,L,0.026646426,0
69,11,E,-0.3115296,0
69,12,V,-0.19370991,0
69,13,R,0.012841888,0
69,14,V,0.29610783,0
69,15,V,0.012841888,0
69,16,C,0.012841888,0
69,17,S,-0.105521865,0
69,18,S,-0.37348008,0
69,19,G,-0.37348008,0
69,20,T,0.48910868,0
69,21,Y,-0.30032796,0
69,22,I,0.33653665,0
69,23,R,0.43699926,0
69,24,S,0.29610783,0
69,25,L,-0.37348008,0
69,26,A,-0.3115296,0
70,0,F,-0.057186026,0
70,1,L,-0.38927722,0
70,2,P,-0.6022909,0
70,3,I,-0.034611247,0
70,4,P,0.84486514,0
70,5,R,-0.034611247,0
70,6,P,0.5724755,0
70,7,I,-0.034611247,0
70,8,L,0.84486514,0
70,9,L,-0.6022909,0
70,10,G,-0.6022909,0
70,11,L,0.9456095,0
70,12,L,-0.6022909,0
71,0,M,-0.030635351,0
71,1,K,0.45908973,0
71,2,D,0.055913463,0
71,3,V,0.027598267,0
71,4,D,0.013300294,0
71,5,Q,0.027598267,0
71,6,I,-0.15230978,0
71,7,F,0.45260695,0
71,8,D,-0.208541,0
71,9,A,0.027598267,0
71,10,L,1.356256,0
71,11,D,-0.32265574,0
71,12,C,0.027598267,0
71,13,H,-0.1092905,0
71,14,I,-0.082635485,0
71,15,L,0.45260695,0
71,16,R,-0.32265574,0
71,17,E,0.30668324,0
71,18,Y,-0.20062816,0
71,19,L,0.34855586,0
71,20,I,-0.32265574,0
71,21,L,0.45260695,0
71,22,L,-0.32265574,0
71,23,F,-0.32265574,0
71,24,Y,-0.208541,0
71,25,D,0.34855586,0
72,0,D,-0.053611845,0
72,1,M,0.048296824,0
72,2,D,0.8034071,0
72,3,D,0.048296824,0
72,4,F,0.048296824,0
72,5,G,-0.3649472,0
72,6,L,0.8865093,0
72,7,G,-0.5646481,0
72,8,D,0.8865093,0
72,9,F,0.048296824,0
72,10,D,-0.3649472,0
72,11,D,0.048296824,0
72,12,G,0.048296824,0
72,13,R,0.8865093,0
73,0,A,-0.04765504,0
73,1,D,2.1097317,0
73,2,T,0.042930774,0
73,3,G,-0.4838614,0
73,4,E,0.78800774,0
73,5,G,-0.3120877,0
73,6,D,0.78800774,0
73,7,F,0.042930774,0
73,8,L,-0.3243971,0
73,9,A,-0.5019087,0
73,10,E,2.1097317,0
73,11,G,-0.3120877,0
73,12,G,0.78800774,0
73,13,G,0.78800774,0
73,14,V,0.78800774,0
73,15,R,0.020689573,0
74,0,M,-0.025229111,0
74,1,S,0.3780743,0
74,2,F,-0.31855673,0
74,3,T,-0.17173938,0
74,4,H,-0.2561621,0
74,5,F,-0.0680529,0
74,6,L,-0.17173938,0
74,7,A,-0.26571655,0
74,8,L,1.1169163,0
74,9,Y,-0.26571655,0
74,10,S,0.28704607,0
74,11,F,-0.31855673,0
74,12,L,-0.17173938,0
74,13,L,-0.26571655,0
74,14,E,-0.26571655,0
74,15,R,-0.1652233,0
74,16,A,0.25256252,0
74,17,W,1.1169163,0
74,18,L,0.07952869,0
74,19,H,-0.26571655,0
74,20,Q,-0.0680529,0
74,21,Q,-0.12543164,0
74,22,P,-0.12543164,0
74,23,A,-0.015269507,0
74,24,P,1.1169163,0
74,25,M,-0.015269507,0
74,26,G,0.3780743,0
74,27,H,0.41718042,0
74,28,A,-0.0680529,0
74,29,R,1.1169163,0
74,30,E,0.25256252,0
74,31,I,-0.1652233,0
75,0,F,-0.057186026,0
75,1,L,-0.38927722,0
75,2,P,-0.6022909,0
75,3,I,-0.034611247,0
75,4,L,0.84486514,0
75,5,G,-0.6022909,0
75,6,K,0.9456095,0
75,7,I,0.10437173,0
75,8,L,0.84486514,0
75,9,G,-0.6022909,0
75,10,G,0.9456095,0
75,11,L,0.9456095,0
75,12,L,-0.6022909,0
76,0,L,-0.030635351,0
76,1,T,-0.32265574,0
76,2,Y,-0.311054,0
76,3,A,0.34855586,0
76,4,A,1.356256,0
76,5,P,1.356256,0
76,6,V,-0.018541679,0
76,7,W,0.013300294,0
76,8,K,0.09657068,0
76,9,V,0.055913463,0
76,10,L,0.013300294,0
76,11,N,-0.32265574,0
76,12,E,-0.05020684,0
76,13,K,-0.20062816,0
76,14,R,0.055913463,0
76,15,K,0.30668324,0
76,16,A,0.055913463,0
76,17,G,1.356256,0
76,18,H,0.5065769,0
76,19,R,-0.082635485,0
76,20,I,0.30668324,0
76,21,L,0.45260695,0
76,22,F,-0.32265574,0
76,23,E,-0.208541,0
76,24,G,-0.20062816,0
76,25,A,0.5065769,0
77,0,S,-0.06598385,0
77,1,P,-0.83314705,0
77,2,A,-0.039936006,0
77,3,T,2.921166,0
77,4,M,-0.66996163,0
77,5,G,0.9888095,0
77,6,F,1.0910887,0
77,7,A,-0.4491658,0
77,8,G,2.921166,0
77,9,V,1.0910887,0
77,10,R,0.028647093,0
78,0,A,-0.034311622,0
78,1,I,1.5190071,0
78,2,I,0.5069193,0
78,3,G,0.5069193,0
78,4,N,0.5673659,0
78,5,P,-0.056231488,0
78,6,E,-0.020766534,0
78,7,H,-0.22470343,0
78,8,P,-0.092551775,0
78,9,E,-0.020766534,0
78,10,V,-0.22470343,0
78,11,I,0.014896587,0
78,12,G,0.5069193,0
78,13,I,0.5673659,0
78,14,N,0.5069193,0
78,15,G,-0.056231488,0
78,16,W,0.5673659,0
78,17,C,0.108159006,0
78,18,N,-0.12240533,0
78,19,N,-0.056231488,0
78,20,E,-0.056231488,0
78,21,A,-0.22470343,0
78,22,Y,1.5190071,0
79,0,G,-0.061270703,0
79,1,L,1.0131538,0
79,2,L,-0.6453115,0
79,3,D,-0.6453115,0
79,4,G,0.055196535,0
79,5,L,1.0131538,0
79,6,L,-0.6453115,0
79,7,G,-0.6453115,0
79,8,G,1.0131538,0
79,9,L,1.0131538,0
79,10,G,-0.6453115,0
79,11,L,1.0131538,0
80,0,L,-0.04765504,0
80,1,V,-0.5019087,0
80,2,P,0.020689573,0
80,3,F,-0.028842747,0
80,4,L,-0.3243971,0
80,5,G,-0.5019087,0
80,6,K,0.78800774,0
80,7,T,0.08697641,0
80,8,L,-0.4838614,0
80,9,G,-0.5019087,0
80,10,G,0.78800774,0
80,11,L,0.78800774,0
80,12,L,-0.5019087,0
80,13,A,-0.5019087,0
80,14,R,2.1097317,0
80,15,F,0.47706243,0
81,0,Q,-0.026805922,0
81,1,W,-0.13327098,0
81,2,T,0.08449926,0
81,3,E,-0.2721723,0
81,4,H,-0.17554985,0
81,5,I,-0.072306186,0
81,6,D,0.3960304,0
81,7,A,0.024148412,0
81,8,L,1.1867237,0
81,9,D,-0.28232405,0
81,10,Q,0.024148412,0
81,11,L,-0.13327098,0
81,12,R,-0.28232405,0
81,13,N,0.26834774,0
81,14,S,-0.043930747,0
81,15,V,-0.3384661,0
81,16,G,0.011637959,0
81,17,L,0.44325465,0
81,18,R,-0.28232405,0
81,19,G,0.26834774,0
81,20,Y,0.44325465,0
81,21,A,0.3049864,0
81,22,Q,1.1867237,0
81,23,N,-0.13327098,0
81,24,N,-0.043930747,0
81,25,P,-0.043930747,0
81,26,I,-0.016224086,0
81,27,V,0.3960304,0
81,28,E,0.011637959,0
81,29,Y,-0.17554985,0
82,0,S,-0.02382752,0
82,1,C,-0.3008589,0
82,2,A,-0.08500373,0
82,3,S,1.0548658,0
82,4,R,-0.3008589,0
82,5,C,0.23853122,0
82,6,K,-0.08500373,0
82,7,G,0.043488204,0
82,8,H,0.39400387,0
82,9,C,-0.064272076,0
82,10,R,-0.08500373,0
82,11,A,0.23853122,0
82,12,R,1.0548658,0
82,13,R,0.23853122,0
82,14,C,0.23853122,0
82,15,G,-0.08500373,0
82,16,Y,0.39400387,0
82,17,Y,0.2710989,0
82,18,V,0.2710989,0
82,19,S,0.010344787,0
82,20,V,-0.3008589,0
82,21,L,0.010344787,0
82,22,Y,-0.25095436,0
82,23,R,0.2710989,0
82,24,G,0.23853122,0
82,25,R,0.39400387,0
82,26,C,0.23853122,0
82,27,Y,-0.08500373,0
82,28,C,0.2710989,0
82,29,K,-0.08500373,0
82,30,C,0.043488204,0
82,31,L,-0.08500373,0
82,32,R,-0.25095436,0
82,33,C,0.23853122,0
83,0,M,-0.028593013,0
83,1,A,0.42848396,0
83,2,T,1.2658392,0
83,3,Q,-0.29031715,0
83,4,G,-0.14215581,0
83,5,F,0.47280475,0
83,6,S,-0.19463861,0
83,7,C,-0.36103067,0
83,8,L,-0.102004394,0
83,9,L,-0.30114546,0
83,10,L,-0.30114546,0
83,11,S,-0.30114546,0
83,12,V,-0.36103067,0
83,13,S,0.01241368,0
83,14,E,-0.36103067,0
83,15,I,-0.18725294,0
83,16,D,0.42243257,0
83,17,L,0.025758415,0
83,18,S,-0.30114546,0
83,19,M,-0.36103067,0
83,20,K,0.42848396,0
83,21,R,0.052185863,0
83,22,Q,0.28623775,0
83,23,Y,-0.14215581,0
83,24,K,0.32531884,0
83,25,Q,0.052185863,0
83,26,I,-0.14215581,0
83,27,R,0.42243257,0
84,0,I,-0.053611845,0
84,1,K,0.7920608,0
84,2,M,0.097848445,0
84,3,I,0.8034071,0
84,4,S,0.7920608,0
84,5,D,-0.6769322,0
84,6,Y,0.048296824,0
84,7,K,0.6099728,0
84,8,P,0.097848445,0
84,9,D,-0.032448173,0
84,10,I,0.048296824,0
84,11,D,0.7920608,0
84,12,L,0.048296824,0
84,13,A,-0.5646481,0
85,0,C,-0.029578958,0
85,1,P,-0.105521865,0
85,2,R,-0.017902311,0
85,3,I,0.29610783,0
85,4,L,0.43699926,0
85,5,M,-0.3115296,0
85,6,K,0.44325942,0
85,7,C,0.05398552,0
85,8,K,-0.105521865,0
85,9,L,0.05398552,0
85,10,D,-0.3115296,0
85,11,T,0.026646426,0
85,12,D,-0.30032796,0
85,13,C,0.026646426,0
85,14,F,-0.105521865,0
85,15,P,-0.20134997,0
85,16,T,-0.017902311,0
85,17,C,-0.30032796,0
85,18,T,-0.105521865,0
85,19,C,-0.30032796,0
85,20,R,-0.105521865,0
85,21,P,0.29610783,0
85,22,S,-0.017902311,0
85,23,G,-0.37348008,0
85,24,F,0.48910868,0
85,25,C,-0.20134997,0
85,26,G,-0.105521865,0
86,0,K,-0.026805922,0
86,1,K,0.048924223,0
86,2,N,0.048924223,0
86,3,L,-0.043930747,0
86,4,K,-0.28232405,0
86,5,I,0.048924223,0
86,6,G,0.3960304,0
86,7,I,0.44325465,0
86,8,V,0.3960304,0
86,9,M,0.011637959,0
86,10,D,0.40170354,0
86,11,S,0.024148412,0
86,12,I,-0.3384661,0
86,13,T,0.3960304,0
86,14,L,-0.2721723,0
86,15,I,-0.28232405,0
86,16,N,0.3960304,0
86,17,I,-0.043930747,0
86,18,K,0.3960304,0
86,19,K,0.048924223,0
86,20,D,0.048924223,0
86,21,S,0.024148412,0
86,22,S,-0.3384661,0
86,23,F,-0.3384661,0
86,24,A,-0.1824736,0
86,25,I,1.1867237,0
86,26,L,0.3960304,0
86,27,L,-0.28232405,0
86,28,E,-0.28232405,0
86,29,A,-0.17554985,0
87,0,M,-0.034311622,0
87,1,V,0.51418144,0
87,2,T,0.014896587,0
87,3,M,-0.3483802,0
87,4,V,0.51418144,0
87,5,K,0.014896587,0
87,6,K,0.06262314,0
87,7,W,0.06262314,0
87,8,L,0.108159006,0
87,9,L,-0.36137468,0
87,10,L,-0.36137468,0
87,11,M,-0.36137468,0
87,12,T,0.51418144,0
87,13,F,-0.3483802,0
87,14,M,-0.23356631,0
87,15,A,0.51418144,0
87,16,G,1.5190071,0
87,17,C,0.5673659,0
87,18,R,-0.12240533,0
87,19,G,0.34348518,0
87,20,M,0.5673659,0
87,21,I,0.51418144,0
87,22,Y,0.5069193,0
88,0,C,-0.038990438,0
88,1,V,-0.13909698,0
88,2,R,0.016927866,0
88,3,V,0.3903244,0
88,4,C,0.016927866,0
88,5,P,-0.13909698,0
88,6,I,-0.023598291,0
88,7,N,0.57604504,0
88,8,L,-0.0638996,0
88,9,P,-0.4106531,0
88,10,V,-0.023598291,0
88,11,V,0.016927866,0
88,12,D,0.016927866,0
88,13,W,0.03512503,0
88,14,V,0.12290812,0
88,15,Y,0.016927866,0
88,16,N,0.44361666,0
88,17,K,-0.0638996,0
88,18,E,0.071162716,0
88,19,T,-0.25534484,0
89,0,E,-0.042889494,0
89,1,L,-0.28087947,0
89,2,E,-0.45171762,0
89,3,S,-0.28087947,0
89,4,D,-0.54154617,0
89,5,S,0.03863738,0
89,6,G,-0.54154617,0
89,7,S,0.7092069,0
89,8,D,-0.54154617,0
89,9,K,0.03863738,0
89,10,A,0.07827894,0
89,11,S,1.8987584,0
89,12,S,-0.54154617,0
89,13,P,-0.54154617,0
89,14,A,-0.02595821,0
89,15,G,1.8987584,0
89,16,G,0.7092069,0
89,17,L,0.7092069,0
90,0,K,-0.037295233,0
90,1,E,0.068068534,0
90,2,S,-0.24424279,0
90,3,S,-0.4709097,0
90,4,F,-0.4709097,0
90,5,D,-0.2538758,0
90,6,I,0.03359797,0
90,7,V,0.5509993,0
90,8,S,0.016191859,0
90,9,K,-0.4709097,0
90,10,V,0.068068534,0
90,11,D,0.016191859,0
90,12,L,0.03359797,0
90,13,S,-0.39279744,0
90,14,E,-0.4709097,0
90,15,V,-0.24424279,0
90,16,A,0.016191859,0
90,17,N,1.6510935,0
90,18,A,-0.06112132,0
90,19,I,1.6510935,0
90,20,N,0.5509993,0
91,0,G,-0.024508279,0
91,1,L,0.40526122,0
91,2,L,-0.25812456,0
91,3,D,-0.25812456,0
91,4,T,0.022078589,0
91,5,P,-0.24884306,0
91,6,K,-0.014833331,0
91,7,N,0.04473079,0
91,8,L,-0.04016533,0
91,9,A,-0.25812456,0
91,10,L,1.0850043,0
91,11,N,-0.25812456,0
91,12,A,-0.04016533,0
91,13,A,1.0850043,0
91,14,K,1.0850043,0
91,15,S,0.04473079,0
91,16,A,-0.30945498,0
91,17,G,1.0850043,0
91,18,V,0.40526122,0
91,19,S,0.010640153,0
91,20,V,-0.30945498,0
91,21,L,0.010640153,0
91,22,N,-0.25812456,0
91,23,S,-0.04016533,0
91,24,L,-0.30945498,0
91,25,S,-0.25812456,0
91,26,C,-0.30945498,0
91,27,K,-0.08743234,0
91,28,L,0.04473079,0
91,29,S,-0.25812456,0
91,30,K,-0.30945498,0
91,31,T,0.04473079,0
91,32,C,-0.24884306,0
92,0,A,-0.045146823,0
92,1,G,1.9986936,0
92,2,E,0.74653304,0
92,3,S,-0.29566264,0
92,4,S,-0.5700484,0
92,5,N,-0.5700484,0
92,6,E,-0.0739889,0
92,7,A,-0.29566264,0
92,8,K,1.9986936,0
92,9,G,0.0823986,0
92,10,M,0.74653304,0
92,11,W,0.6765537,0
92,12,F,0.14231446,0
92,13,G,-0.30732292,0
92,14,P,0.74653304,0
92,15,R,-0.027324155,0
92,16,L,0.45195436,0
93,0,A,-0.028593013,0
93,1,I,1.2658392,0
93,2,M,0.42243257,0
93,3,D,0.42848396,0
93,4,T,0.025758415,0
93,5,I,-0.29031715,0
93,6,K,0.42243257,0
93,7,D,0.052185863,0
93,8,T,0.025758415,0
93,9,A,-0.29031715,0
93,10,K,1.2658392,0
93,11,T,0.052185863,0
93,12,V,-0.29031715,0
93,13,A,0.01241368,0
93,14,V,1.2658392,0
93,15,G,0.01241368,0
93,16,L,0.47280475,0
93,17,L,-0.30114546,0
93,18,N,-0.30114546,0
93,19,K,-0.046859656,0
93,20,L,0.052185863,0
93,21,K,-0.30114546,0
93,22,C,0.052185863,0
93,23,K,-0.102004394,0
93,24,I,0.052185863,0
93,25,T,0.42243257,0
93,26,G,-0.29031715,0
93,27,C,0.47280475,0
94,0,G,-0.029578958,0
94,1,K,0.48910868,0
94,2,A,0.05398552,0
94,3,F,1.3094876,0
94,4,D,-0.20134997,0
94,5,D,0.026646426,0
94,6,G,0.026646426,0
94,7,A,0.48910868,0
94,8,F,1.3094876,0
94,9,T,-0.20134997,0
94,10,G,-0.30032796,0
94,11,I,0.48910868,0
94,12,R,0.43699926,0
94,13,E,0.29610783,0
94,14,I,-0.19370991,0
94,15,N,0.43699926,0
94,16,L,-0.048475415,0
94,17,S,-0.3115296,0
94,18,I,-0.37348008,0
94,19,N,0.43699926,0
94,20,K,-0.048475415,0
94,21,E,0.05398552,0
94,22,T,-0.19370991,0
94,23,A,-0.30032796,0
94,24,I,1.3094876,0
94,25,G,0.43699926,0
94,26,D,0.48910868,0
95,0,G,-0.030635351,0
95,1,L,0.5065769,0
95,2,I,-0.32265574,0
95,3,G,0.45260695,0
95,4,S,0.5065769,0
95,5,I,-0.38681847,0
95,6,G,0.45260695,0
95,7,K,0.5065769,0
95,8,A,0.055913463,0
95,9,L,1.356256,0
95,10,G,-0.32265574,0
95,11,G,0.5065769,0
95,12,L,0.5065769,0
95,13,L,-0.32265574,0
95,14,V,-0.32265574,0
95,15,D,0.013300294,0
95,16,V,0.027598267,0
95,17,L,0.013300294,0
95,18,K,-0.32265574,0
95,19,P,0.055913463,0
95,20,K,-0.018541679,0
95,21,L,0.055913463,0
95,22,Q,-0.32265574,0
95,23,A,-0.15230978,0
95,24,A,1.356256,0
95,25,S,1.356256,0
96,0,R,-0.038990438,0
96,1,D,0.3903244,0
96,2,V,0.03512503,0
96,3,D,0.016927866,0
96,4,V,0.03512503,0
96,5,G,0.016927866,0
96,6,S,0.6447341,0
96,7,F,-0.4923144,0
96,8,L,-0.2654157,0
96,9,P,-0.4106531,0
96,10,K,-0.023598291,0
96,11,S,0.071162716,0
96,12,P,-0.4923144,0
96,13,S,-0.023598291,0
96,14,D,-0.4923144,0
96,15,P,0.03512503,0
96,16,S,-0.023598291,0
96,17,M,-0.4923144,0
96,18,V,0.58429587,0
96,19,L,0.016927866,0
97,0,I,-0.050458223,0
97,1,Y,0.7454702,0
97,2,S,0.57409215,0
97,3,R,-0.63711345,0
97,4,L,0.50512505,0
97,5,T,-0.5314331,0
97,6,V,-0.5123242,0
97,7,S,0.02190683,0
97,8,P,-0.63711345,0
97,9,T,-0.030539013,0
97,10,G,-0.5123242,0
97,11,T,0.83436084,0
97,12,L,-0.5123242,0
97,13,N,-0.5314331,0
97,14,R,-0.082693666,0
98,0,S,-0.053611845,0
98,1,D,-0.6769322,0
98,2,D,0.048296824,0
98,3,I,0.048296824,0
98,4,V,0.7920608,0
98,5,I,0.023275917,0
98,6,D,0.7920608,0
98,7,G,0.048296824,0
98,8,H,0.8865093,0
98,9,L,-0.14461237,0
98,10,A,-0.5646481,0
98,11,A,2.3734474,0
98,12,W,2.3734474,0
98,13,I,0.16899852,0
99,0,V,-0.038990438,0
99,1,K,0.016927866,0
99,2,S,0.071162716,0
99,3,T,-0.4923144,0
99,4,G,-0.3958868,0
99,5,R,0.6447341,0
99,6,A,0.3903244,0
99,7,D,1.7261426,0
99,8,D,0.03512503,0
99,9,D,0.03512503,0
99,10,L,0.03512503,0
99,11,A,-0.4106531,0
99,12,V,1.7261426,0
99,13,K,0.016927866,0
99,14,T,0.071162716,0
99,15,K,-0.3958868,0
99,16,Y,0.071162716,0
99,17,L,0.44361666,0
99,18,P,-0.4106531,0
99,19,P,-0.023598291,0
